Time stamp,Power,avg_temp
1680919320.157789, 0.0, 39.704
1680919320.3580914, 0.0, 39.704
1680919320.558503, 0.0, 40.242
1680919320.75877, 0.0, 40.242
1680919320.9591017, 0.0, 39.704
1680919321.1594598, 4.321, 40.242
1680919321.3598056, 4.321, 40.78
1680919321.5601838, 4.321, 40.78
1680919321.760523, 4.321, 40.242
1680919321.960904, 4.031, 40.78
1680919322.1614432, 4.031, 40.78
1680919322.3617861, 4.031, 40.242
1680919322.5621266, 4.031, 39.704
1680919322.7624674, 4.031, 40.242
1680919322.9641688, 4.027, 40.78
1680919323.164507, 4.027, 40.78
1680919323.3648477, 4.027, 40.242
1680919323.5652115, 4.027, 40.78
1680919323.7658198, 4.027, 40.78
1680919323.966166, 4.019, 40.78
1680919324.1665065, 4.019, 40.78
1680919324.3688364, 4.019, 40.78
1680919324.569482, 4.019, 40.78
1680919324.7698224, 4.019, 40.78
1680919324.9702065, 4.038, 40.78
1680919325.170582, 4.038, 41.318
1680919325.3709164, 4.038, 40.78
1680919325.5712545, 4.038, 40.78
1680919325.7716494, 4.038, 40.78
1680919325.9722147, 3.981, 40.78
1680919326.1725636, 3.981, 40.78
1680919326.3729224, 3.981, 40.78
1680919326.573292, 3.981, 40.78
1680919326.7736733, 3.981, 40.78
1680919326.9740248, 3.981, 40.78
1680919327.174464, 4.015, 40.78
1680919327.3748164, 4.015, 40.78
1680919327.575166, 4.015, 40.78
1680919327.775539, 4.015, 40.78
1680919327.9758766, 4.046, 41.318
1680919328.1762178, 4.046, 40.78
1680919328.3765955, 4.046, 41.318
1680919328.5769618, 4.046, 41.318
1680919328.777308, 4.046, 40.78
1680919328.9776855, 4.0, 40.78
1680919329.1780381, 4.0, 40.78
1680919329.37854, 4.0, 41.318
1680919329.5788782, 4.0, 40.78
1680919329.7792404, 4.0, 40.78
1680919329.9795902, 4.057, 40.78
1680919330.179928, 4.057, 40.78
1680919330.3803136, 4.057, 41.318
1680919330.5806534, 4.057, 41.318
1680919330.781073, 4.057, 40.78
1680919330.9814303, 4.046, 41.318
1680919331.1818278, 4.046, 40.78
1680919331.382183, 4.046, 40.78
1680919331.5825927, 4.046, 41.318
1680919331.782941, 4.046, 40.78
1680919331.9832914, 4.015, 41.318
1680919332.1836414, 4.015, 40.78
1680919332.3839982, 4.015, 41.318
1680919332.5844007, 4.015, 41.318
1680919332.7847378, 4.015, 41.318
1680919332.985107, 4.004, 41.318
1680919333.1854625, 4.004, 41.318
1680919333.3858254, 4.004, 41.856
1680919333.5861857, 4.004, 41.856
1680919333.7865233, 4.004, 41.856
1680919333.9867773, 4.325, 41.856
1680919334.1871226, 4.325, 41.318
1680919334.3874507, 4.325, 41.856
1680919334.5878553, 4.325, 41.856
1680919334.7883675, 4.325, 41.856
1680919334.9886987, 4.283, 41.856
1680919335.1890707, 4.283, 41.856
1680919335.38947, 4.283, 41.856
1680919335.5898526, 4.283, 41.856
1680919335.7901971, 4.283, 41.856
1680919335.9905558, 4.359, 41.318
1680919336.1907878, 4.359, 41.856
1680919336.391134, 4.359, 41.856
1680919336.5915225, 4.359, 42.394
1680919336.791858, 4.359, 41.856
1680919336.9922075, 4.325, 41.856
1680919337.1925771, 4.325, 42.394
1680919337.3929143, 4.325, 41.856
1680919337.5933907, 4.325, 42.394
1680919337.7937443, 4.325, 41.856
1680919337.9941344, 4.321, 41.856
1680919338.1945128, 4.321, 41.856
1680919338.394824, 4.321, 41.856
1680919338.5957682, 4.321, 41.856
1680919338.7961369, 4.321, 42.394
1680919338.9964874, 4.347, 41.856
1680919339.196839, 4.347, 42.394
1680919339.397181, 4.347, 41.856
1680919339.5975258, 4.347, 42.394
1680919339.7981083, 4.347, 42.394
1680919339.9991016, 4.34, 42.394
1680919340.1994755, 4.34, 42.394
1680919340.400035, 4.34, 42.394
1680919340.600367, 4.34, 41.856
1680919340.8007054, 4.34, 42.394
1680919341.0010557, 4.328, 42.932
1680919341.201424, 4.328, 42.932
1680919341.401835, 4.328, 42.932
1680919341.6021893, 4.328, 42.932
1680919341.8025618, 4.328, 42.394
1680919342.0029857, 4.359, 42.394
1680919342.203308, 4.359, 41.856
1680919342.4036674, 4.359, 42.932
1680919342.6040592, 4.359, 42.394
1680919342.8045166, 4.359, 41.856
1680919343.0049038, 4.328, 42.932
1680919343.205264, 4.328, 42.394
1680919343.405636, 4.328, 42.932
1680919343.6060698, 4.328, 42.932
1680919343.806981, 4.328, 42.932
1680919344.0073273, 4.328, 42.932
1680919344.2076595, 4.328, 42.932
1680919344.4080586, 4.328, 42.932
1680919344.6083884, 4.328, 42.932
1680919344.8088005, 4.328, 42.932
1680919345.0092905, 4.328, 42.932
1680919345.2096329, 4.328, 42.932
1680919345.4099789, 4.328, 42.932
1680919345.6103914, 4.328, 42.394
1680919345.8107443, 4.328, 42.932
1680919346.0111196, 4.309, 42.932
1680919346.2115886, 4.309, 42.932
1680919346.4119136, 4.309, 42.932
1680919346.6122432, 4.309, 42.932
1680919346.8125892, 4.309, 42.932
1680919347.012992, 4.332, 41.856
1680919347.2134037, 4.332, 42.394
1680919347.4137409, 4.332, 42.932
1680919347.6140802, 4.332, 42.932
1680919347.8144195, 4.332, 42.932
1680919348.014742, 4.336, 41.856
1680919348.215122, 4.336, 42.932
1680919348.415534, 4.336, 42.932
1680919348.616049, 4.336, 42.932
1680919348.816383, 4.336, 42.932
1680919349.0168025, 4.336, 42.932
1680919349.2171402, 4.336, 43.47
1680919349.4175124, 4.336, 42.394
1680919349.61792, 4.336, 42.932
1680919349.818309, 4.336, 42.932
1680919350.0186841, 4.336, 42.932
1680919350.2190523, 4.332, 42.932
1680919350.4193923, 4.332, 42.932
1680919350.6198123, 4.332, 42.394
1680919350.8201926, 4.332, 42.932
1680919351.0205975, 4.305, 42.932
1680919351.2209425, 4.305, 42.932
1680919351.4213195, 4.305, 42.932
1680919351.6216683, 4.305, 42.932
1680919351.8220365, 4.305, 42.932
1680919352.0224228, 4.317, 42.932
1680919352.222771, 4.317, 42.932
1680919352.4230924, 4.317, 42.932
1680919352.6234329, 4.317, 42.932
1680919352.8237689, 4.317, 42.932
1680919353.0241184, 4.34, 42.932
1680919353.2244878, 4.34, 42.932
1680919353.4248323, 4.34, 42.932
1680919353.6252024, 4.34, 42.932
1680919353.825542, 4.34, 42.932
1680919354.0258849, 4.328, 42.932
1680919354.2262456, 4.328, 42.932
1680919354.4267056, 4.328, 42.932
1680919354.6273575, 4.328, 43.47
1680919354.8277502, 4.328, 42.932
1680919355.0280938, 4.328, 42.932
1680919355.2284434, 4.328, 42.932
1680919355.4288738, 4.328, 42.932
1680919355.6292548, 4.328, 43.47
1680919355.8296394, 4.328, 43.47
1680919356.0300262, 4.328, 42.932
1680919356.2304416, 4.328, 43.47
1680919356.4307497, 4.328, 43.47
1680919356.6311328, 4.328, 43.47
1680919356.831482, 4.328, 43.47
1680919357.0318706, 4.34, 42.932
1680919357.2322226, 4.34, 42.932
1680919357.432569, 4.34, 43.47
1680919357.6329684, 4.34, 44.008
1680919357.8333476, 4.34, 43.47
1680919358.0338383, 4.351, 42.932
1680919358.2342255, 4.351, 43.47
1680919358.434575, 4.351, 42.932
1680919358.6349092, 4.351, 43.47
1680919358.8353066, 4.351, 44.008
1680919359.0356486, 4.34, 43.47
1680919359.2359843, 4.34, 44.008
1680919359.4363587, 4.34, 42.932
1680919359.636717, 4.34, 42.932
1680919359.837086, 4.34, 43.47
1680919360.0374377, 4.328, 43.47
1680919360.2379284, 4.328, 43.47
1680919360.4382732, 4.328, 43.47
1680919360.638667, 4.328, 43.47
1680919360.839023, 4.328, 43.47
1680919361.0393705, 4.344, 42.932
1680919361.2397127, 4.344, 43.47
1680919361.4401224, 4.344, 43.47
1680919361.640513, 4.344, 42.932
1680919361.8408701, 4.344, 42.932
1680919362.0412288, 4.325, 43.47
1680919362.2415574, 4.325, 43.47
1680919362.441936, 4.325, 43.47
1680919362.6427236, 4.325, 43.47
1680919362.843292, 4.325, 43.47
1680919363.0437849, 4.321, 43.47
1680919363.2443545, 4.321, 42.932
1680919363.4447222, 4.321, 43.47
1680919363.6451523, 4.321, 44.008
1680919363.8455281, 4.321, 43.47
1680919364.045879, 4.34, 43.47
1680919364.2464588, 4.34, 44.008
1680919364.4467685, 4.34, 43.47
1680919364.6471238, 4.34, 43.47
1680919364.8474605, 4.34, 43.47
1680919365.047807, 4.317, 42.932
1680919365.2481487, 4.317, 43.47
1680919365.4484944, 4.317, 44.008
1680919365.6488369, 4.317, 43.47
1680919365.8492675, 4.34, 43.47
1680919366.0496984, 4.34, 44.008
1680919366.2500343, 4.34, 43.47
1680919366.45044, 4.34, 43.47
1680919366.6508317, 4.34, 43.47
1680919366.851212, 4.34, 43.47
1680919367.0515454, 4.336, 43.47
1680919367.2518618, 4.336, 42.932
1680919367.45226, 4.336, 42.932
1680919367.6526096, 4.336, 44.008
1680919367.853162, 4.317, 43.47
1680919368.0535023, 4.317, 44.008
1680919368.2538593, 4.317, 43.47
1680919368.4543803, 4.317, 43.47
1680919368.6547515, 4.317, 43.47
1680919368.855296, 4.317, 44.008
1680919369.0556219, 4.328, 44.008
1680919369.2559621, 4.328, 44.008
1680919369.4563677, 4.328, 43.47
1680919369.6567247, 4.328, 43.47
1680919369.8570764, 4.332, 44.008
1680919370.0574448, 4.332, 44.008
1680919370.2578068, 4.332, 43.47
1680919370.4581592, 4.332, 42.932
1680919370.6585376, 4.332, 43.47
1680919370.858784, 4.332, 44.008
1680919371.0591486, 4.332, 44.008
1680919371.259489, 4.332, 44.008
1680919371.4598236, 4.332, 43.47
1680919371.6601806, 4.332, 43.47
1680919371.8605595, 4.336, 44.008
1680919372.0609753, 4.336, 43.47
1680919372.2613328, 4.336, 43.47
1680919372.4616752, 4.336, 43.47
1680919372.6620762, 4.336, 43.47
1680919372.8624952, 4.317, 44.008
1680919373.0627315, 4.317, 43.47
1680919373.2630641, 4.317, 42.932
1680919373.4634395, 4.317, 44.008
1680919373.6637652, 4.317, 44.008
1680919373.8641472, 4.344, 43.47
1680919374.064542, 4.344, 44.008
1680919374.2649379, 4.344, 44.008
1680919374.4653401, 4.344, 44.008
1680919374.6657505, 4.344, 44.008
1680919374.8661292, 4.344, 44.008
1680919375.0665188, 4.336, 43.47
1680919375.2668176, 4.336, 44.008
1680919375.467146, 4.336, 44.008
1680919375.6675088, 4.336, 43.47
1680919375.8681154, 4.336, 44.008
1680919376.0684795, 4.336, 43.47
1680919376.2688146, 4.336, 44.008
1680919376.4692082, 4.336, 44.008
1680919376.6696029, 4.336, 44.008
1680919376.8699422, 4.336, 44.008
1680919377.0702968, 4.309, 44.008
1680919377.2707353, 4.309, 44.008
1680919377.4711158, 4.309, 43.47
1680919377.671521, 4.309, 44.008
1680919377.8718636, 4.317, 44.008
1680919378.0722296, 4.317, 44.008
1680919378.272602, 4.317, 44.008
1680919378.4729836, 4.317, 44.008
1680919378.6733558, 4.317, 44.008
1680919378.87377, 4.317, 44.008
1680919379.0741246, 4.317, 44.008
1680919379.274503, 4.317, 44.008
1680919379.4747572, 4.317, 44.008
1680919379.675117, 4.317, 44.008
1680919379.875529, 4.34, 44.008
1680919380.075887, 4.34, 44.008
1680919380.2762299, 4.34, 44.008
1680919380.4765868, 4.34, 44.008
1680919380.6769834, 4.34, 42.932
1680919380.8773222, 4.328, 43.47
1680919381.0777261, 4.328, 43.47
1680919381.2780714, 4.328, 44.008
1680919381.4784534, 4.328, 44.008
1680919381.678775, 4.328, 44.546
1680919381.8791337, 4.336, 44.008
1680919382.0795002, 4.336, 44.008
1680919382.2798395, 4.336, 44.008
1680919382.480194, 4.336, 44.008
1680919382.6805317, 4.336, 44.008
1680919382.8809438, 4.332, 44.008
1680919383.0812778, 4.332, 44.008
1680919383.2816515, 4.332, 44.008
1680919383.4820652, 4.332, 44.008
1680919383.6827028, 4.332, 43.47
1680919383.8830369, 4.336, 44.008
1680919384.083374, 4.336, 44.008
1680919384.283797, 4.336, 44.008
1680919384.4841912, 4.336, 44.008
1680919384.684587, 4.336, 44.546
1680919384.8849585, 4.366, 44.008
1680919385.0853636, 4.366, 44.008
1680919385.2857373, 4.366, 44.546
1680919385.4861627, 4.366, 44.008
1680919385.68654, 4.366, 44.008
1680919385.8868017, 4.366, 44.008
1680919386.0871336, 4.321, 43.47
1680919386.2875223, 4.321, 44.008
1680919386.487869, 4.321, 44.008
1680919386.6882317, 4.321, 44.008
1680919386.8886127, 4.321, 44.008
1680919387.08896, 4.317, 44.008
1680919387.2893462, 4.317, 44.008
1680919387.4897041, 4.317, 44.008
1680919387.690101, 4.317, 44.008
1680919387.8904576, 4.317, 44.008
1680919388.090909, 4.317, 44.008
1680919388.2912607, 4.317, 44.008
1680919388.4916272, 4.317, 44.008
1680919388.6919682, 4.317, 44.008
1680919388.8923993, 4.317, 44.008
1680919389.092748, 4.317, 44.008
1680919389.2930973, 4.317, 44.008
1680919389.4934568, 4.336, 44.008
1680919389.693804, 4.336, 44.008
1680919389.8942804, 4.336, 44.008
1680919390.094732, 4.336, 44.008
1680919390.2950547, 4.336, 44.008
1680919390.495387, 4.336, 44.546
1680919390.6957543, 4.336, 44.008
1680919390.8960848, 4.336, 44.008
1680919391.0964446, 4.336, 44.008
1680919391.2968116, 4.336, 44.008
1680919391.497194, 4.336, 44.008
1680919391.6975944, 4.336, 44.008
1680919391.8979282, 4.336, 44.546
1680919392.0983675, 4.336, 44.008
1680919392.2988038, 4.336, 44.008
1680919392.4991364, 4.325, 44.008
1680919392.6995347, 4.325, 44.008
1680919392.8999522, 4.359, 44.008
1680919393.1003034, 4.359, 44.546
1680919393.3006687, 4.359, 44.008
1680919393.5010002, 4.359, 44.546
1680919393.7013452, 4.359, 44.546
1680919393.9017255, 4.336, 44.008
1680919394.102087, 4.336, 44.008
1680919394.3026936, 4.336, 45.084
1680919394.503028, 4.336, 44.008
1680919394.7033875, 4.336, 44.008
1680919394.9037392, 4.336, 44.008
1680919395.1041408, 4.336, 44.008
1680919395.3044813, 4.336, 44.546
1680919395.5048301, 4.336, 44.008
1680919395.7051666, 4.336, 44.008
1680919395.9055727, 4.313, 44.008
1680919396.105929, 4.313, 44.546
1680919396.3063235, 4.313, 44.546
1680919396.5067303, 4.313, 44.008
1680919396.707106, 4.313, 44.008
1680919396.9074354, 4.317, 44.008
1680919397.1078517, 4.317, 44.546
1680919397.3081987, 4.317, 44.008
1680919397.5085635, 4.317, 44.008
1680919397.7089195, 4.317, 44.546
1680919397.9093773, 4.328, 44.008
1680919398.1097481, 4.328, 44.008
1680919398.3101072, 4.328, 44.546
1680919398.5104673, 4.328, 44.546
1680919398.7107828, 4.328, 44.546
1680919398.9111426, 4.374, 44.008
1680919399.1115355, 4.374, 44.008
1680919399.311939, 4.374, 44.008
1680919399.5123096, 4.374, 44.008
1680919399.712666, 4.374, 44.546
1680919399.9130638, 4.332, 44.008
1680919400.1134067, 4.332, 44.546
1680919400.313821, 4.332, 44.008
1680919400.5142107, 4.332, 44.546
1680919400.714585, 4.332, 44.546
1680919400.9149559, 4.347, 44.546
1680919401.1153364, 4.347, 44.008
1680919401.315723, 4.347, 44.008
1680919401.5160723, 4.347, 45.084
1680919401.7164097, 4.347, 43.47
1680919401.9167914, 4.336, 44.008
1680919402.1171536, 4.336, 44.546
1680919402.3175805, 4.336, 44.008
1680919402.517948, 4.336, 44.008
1680919402.71835, 4.336, 44.546
1680919402.9187882, 4.336, 44.008
1680919403.1191742, 4.328, 44.546
1680919403.319514, 4.328, 44.546
1680919403.519869, 4.328, 44.008
1680919403.7202146, 4.328, 44.546
1680919403.9205704, 4.344, 44.008
1680919404.1209614, 4.344, 44.008
1680919404.321347, 4.344, 44.546
1680919404.5217001, 4.344, 44.008
1680919404.7221014, 4.344, 44.008
1680919404.922449, 4.344, 44.546
1680919405.122792, 4.328, 44.546
1680919405.3231623, 4.328, 44.008
1680919405.5235198, 4.328, 44.546
1680919405.723856, 4.328, 44.008
1680919405.9242055, 4.344, 44.546
1680919406.1245594, 4.344, 44.008
1680919406.3249567, 4.344, 44.008
1680919406.5253603, 4.344, 44.008
1680919406.7256916, 4.344, 45.084
1680919406.9260423, 4.313, 44.546
1680919407.1264367, 4.313, 44.546
1680919407.3268895, 4.313, 44.546
1680919407.527247, 4.313, 44.008
1680919407.727684, 4.313, 44.546
1680919407.9280317, 4.34, 44.008
1680919408.1283836, 4.34, 44.008
1680919408.3287325, 4.34, 44.546
1680919408.5290918, 4.34, 44.008
1680919408.7294478, 4.34, 44.546
1680919408.9298193, 4.325, 44.546
1680919409.1302028, 4.325, 44.008
1680919409.3305843, 4.325, 44.008
1680919409.531005, 4.325, 44.546
1680919409.7313516, 4.325, 44.008
1680919409.931751, 4.313, 44.008
1680919410.1321514, 4.313, 44.546
1680919410.3325, 4.313, 44.008
1680919410.5328412, 4.313, 45.084
1680919410.7332168, 4.313, 44.546
1680919410.9336324, 4.325, 44.008
1680919411.1339936, 4.325, 44.008
1680919411.3343546, 4.325, 44.546
1680919411.5347888, 4.325, 44.546
1680919411.7351565, 4.325, 44.008
1680919411.9355092, 4.332, 44.546
1680919412.1358654, 4.332, 44.546
1680919412.3361938, 4.332, 44.546
1680919412.536569, 4.332, 45.084
1680919412.7369113, 4.332, 44.546
1680919412.9372668, 4.328, 44.008
1680919413.1376069, 4.328, 44.546
1680919413.337958, 4.328, 44.008
1680919413.538335, 4.328, 45.084
1680919413.7389433, 4.328, 44.008
1680919413.9392772, 4.328, 44.546
1680919414.1396646, 4.347, 44.008
1680919414.3400095, 4.347, 44.546
1680919414.540367, 4.347, 44.546
1680919414.7407897, 4.347, 44.008
1680919414.9411728, 4.325, 44.008
1680919415.1415212, 4.325, 44.546
1680919415.3418818, 4.325, 44.546
1680919415.5422635, 4.325, 45.084
1680919415.7427044, 4.325, 44.008
1680919415.9430704, 4.336, 44.008
1680919416.143392, 4.336, 45.084
1680919416.343765, 4.336, 44.546
1680919416.544274, 4.336, 44.546
1680919416.7446795, 4.336, 45.084
1680919416.9450583, 4.328, 44.546
1680919417.1454122, 4.328, 45.084
1680919417.3457797, 4.328, 44.546
1680919417.5461495, 4.328, 44.546
1680919417.7465677, 4.328, 44.008
1680919417.946748, 4.332, 44.546
1680919418.1471667, 4.332, 45.084
1680919418.347559, 4.332, 44.546
1680919418.5479653, 4.332, 44.546
1680919418.7483165, 4.332, 45.084
1680919418.9486692, 4.328, 44.546
1680919419.1490672, 4.328, 44.008
1680919419.3494527, 4.328, 45.084
1680919419.5498705, 4.328, 44.008
1680919419.7502565, 4.328, 45.084
1680919419.9507117, 4.313, 44.546
1680919420.1510515, 4.313, 45.084
1680919420.3513892, 4.313, 44.008
1680919420.5517414, 4.313, 44.546
1680919420.7520838, 4.313, 44.008
1680919420.952479, 4.336, 45.084
1680919421.1528554, 4.336, 44.008
1680919421.353233, 4.336, 44.546
1680919421.5535913, 4.336, 45.084
1680919421.7539427, 4.336, 44.546
1680919421.9543355, 4.344, 45.084
1680919422.1547027, 4.344, 44.546
1680919422.3551948, 4.344, 44.546
1680919422.5555375, 4.344, 45.084
1680919422.7559164, 4.344, 45.084
1680919422.9562795, 4.325, 44.546
1680919423.1566284, 4.325, 44.546
1680919423.3569884, 4.325, 44.546
1680919423.5573375, 4.325, 45.084
1680919423.7576783, 4.325, 44.546
1680919423.9580486, 4.317, 44.546
1680919424.1584244, 4.317, 45.084
1680919424.3587508, 4.317, 44.008
1680919424.5591013, 4.317, 44.008
1680919424.759478, 4.317, 44.546
1680919424.959796, 4.34, 44.008
1680919425.160144, 4.34, 45.084
1680919425.3605087, 4.34, 45.084
1680919425.5608716, 4.34, 45.084
1680919425.7612488, 4.34, 45.084
1680919425.9616053, 4.313, 45.084
1680919426.1619804, 4.313, 45.084
1680919426.3625195, 4.313, 45.084
1680919426.5627675, 4.313, 45.084
1680919426.7631276, 4.313, 44.008
1680919426.9634712, 4.336, 45.084
1680919427.1638157, 4.336, 45.084
1680919427.3642242, 4.336, 44.546
1680919427.5645602, 4.336, 44.546
1680919427.7649007, 4.336, 45.084
1680919427.9652598, 4.325, 45.084
1680919428.1658087, 4.325, 45.084
1680919428.3661673, 4.325, 44.546
1680919428.566549, 4.325, 44.546
1680919428.7668133, 4.325, 45.084
1680919428.9671435, 4.332, 45.084
1680919429.1674902, 4.332, 45.084
1680919429.3678606, 4.332, 45.084
1680919429.568282, 4.332, 44.008
1680919429.768645, 4.332, 44.008
1680919429.9690084, 4.344, 45.084
1680919430.1693597, 4.344, 45.084
1680919430.36971, 4.344, 45.084
1680919430.570076, 4.344, 44.008
1680919430.770468, 4.344, 45.084
1680919430.970964, 4.328, 45.084
1680919431.1713479, 4.328, 45.084
1680919431.3716872, 4.328, 45.084
1680919431.572042, 4.328, 45.084
1680919431.7725077, 4.328, 45.084
1680919431.9728932, 4.336, 44.546
1680919432.1732333, 4.336, 44.546
1680919432.3736098, 4.336, 45.084
1680919432.5739791, 4.336, 45.084
1680919432.7744212, 4.336, 44.008
1680919432.9748204, 4.336, 44.546
1680919433.1751935, 4.332, 45.084
1680919433.375549, 4.332, 45.084
1680919433.57599, 4.332, 45.084
1680919433.7763584, 4.332, 45.084
1680919433.9766939, 4.347, 44.546
1680919434.1770556, 4.347, 44.546
1680919434.3774643, 4.347, 44.546
1680919434.5778427, 4.347, 44.546
1680919434.77819, 4.347, 45.084
1680919434.9785557, 4.347, 44.546
1680919435.178822, 4.347, 44.546
1680919435.379173, 4.347, 45.084
1680919435.5795314, 4.347, 45.084
1680919435.7798655, 4.347, 45.084
1680919435.9802778, 4.336, 45.084
1680919436.180625, 4.336, 45.084
1680919436.380991, 4.336, 44.008
1680919436.5813515, 4.336, 45.084
1680919436.7817016, 4.336, 45.084
1680919436.9821353, 4.34, 44.546
1680919437.1824996, 4.34, 45.084
1680919437.3827612, 4.34, 45.084
1680919437.5831187, 4.34, 44.008
1680919437.7834566, 4.34, 45.084
1680919437.983957, 4.328, 45.084
1680919438.1842928, 4.328, 45.084
1680919438.3846295, 4.328, 44.546
1680919438.584995, 4.328, 45.084
1680919438.785334, 4.328, 45.084
1680919438.985689, 4.309, 45.084
1680919439.1860793, 4.309, 45.084
1680919439.386428, 4.309, 45.084
1680919439.5867906, 4.309, 45.084
1680919439.7871618, 4.309, 45.084
1680919439.9875436, 4.344, 44.546
1680919440.1878922, 4.344, 45.084
1680919440.3882513, 4.344, 44.008
1680919440.5886424, 4.344, 44.546
1680919440.7890265, 4.344, 45.084
1680919440.9894125, 4.321, 44.008
1680919441.1899965, 4.321, 44.546
1680919441.3903358, 4.321, 45.084
1680919441.5907433, 4.321, 44.546
1680919441.7910976, 4.321, 44.546
1680919441.9914467, 4.347, 44.546
1680919442.191785, 4.347, 45.084
1680919442.3922143, 4.347, 45.084
1680919442.5925605, 4.347, 45.084
1680919442.7932408, 4.347, 45.084
1680919442.9935977, 4.344, 44.546
1680919443.1939485, 4.344, 44.546
1680919443.3943334, 4.344, 44.546
1680919443.5947735, 4.344, 45.084
1680919443.7951097, 4.344, 45.084
1680919443.9956605, 4.34, 44.546
1680919444.1960125, 4.34, 44.546
1680919444.3965402, 4.34, 45.084
1680919444.5971484, 4.34, 45.084
1680919444.7976048, 4.34, 45.084
1680919444.9979348, 4.34, 45.084
1680919445.1983263, 4.34, 45.084
1680919445.3987393, 4.34, 44.546
1680919445.599407, 4.34, 45.084
1680919445.7997575, 4.34, 45.084
1680919446.0000918, 4.328, 45.084
1680919446.2004437, 4.328, 45.084
1680919446.40092, 4.328, 45.084
1680919446.601324, 4.328, 45.084
1680919446.8020246, 4.328, 44.008
1680919447.0023963, 4.328, 44.008
1680919447.2027562, 4.34, 45.084
1680919447.4031363, 4.34, 45.084
1680919447.603469, 4.34, 44.008
1680919447.803797, 4.34, 45.084
1680919448.0041585, 4.325, 45.084
1680919448.204494, 4.325, 45.084
1680919448.4050782, 4.325, 45.084
1680919448.6054296, 4.325, 45.084
1680919448.8057668, 4.325, 45.084
1680919449.0061364, 4.325, 45.084
1680919449.2065213, 4.321, 44.546
1680919449.4067428, 4.321, 45.084
1680919449.6070952, 4.321, 45.084
1680919449.8074474, 4.321, 45.084
1680919450.0078065, 4.347, 45.084
1680919450.2081366, 4.347, 45.084
1680919450.4084544, 4.347, 45.084
1680919450.6088183, 4.347, 44.008
1680919450.8091888, 4.347, 45.084
1680919451.0095258, 4.34, 45.084
1680919451.2098799, 4.34, 45.084
1680919451.410264, 4.34, 45.084
1680919451.610604, 4.34, 45.084
1680919451.8109338, 4.34, 44.008
1680919452.0112755, 4.34, 45.084
1680919452.2116284, 4.347, 45.084
1680919452.4119675, 4.347, 45.084
1680919452.6123538, 4.347, 45.084
1680919452.8127322, 4.347, 45.084
1680919453.0130737, 4.359, 44.546
1680919453.2134345, 4.359, 45.084
1680919453.4137893, 4.359, 45.084
1680919453.6141448, 4.359, 45.084
1680919453.8145332, 4.359, 44.546
1680919454.01476, 4.336, 44.546
1680919454.2151017, 4.336, 45.084
1680919454.4154525, 4.336, 45.084
1680919454.6157744, 4.336, 45.084
1680919454.816149, 4.336, 45.084
1680919455.016486, 4.344, 45.084
1680919455.2168262, 4.344, 45.084
1680919455.4172199, 4.344, 45.084
1680919455.6175778, 4.344, 45.084
1680919455.8179293, 4.344, 45.084
1680919456.018284, 4.336, 45.084
1680919456.2187417, 4.336, 45.084
1680919456.4190707, 4.336, 45.084
1680919456.6194298, 4.336, 44.546
1680919456.8197663, 4.336, 45.084
1680919457.0201387, 4.336, 45.084
1680919457.2205167, 4.336, 45.084
1680919457.4208684, 4.336, 45.084
1680919457.6212144, 4.336, 45.084
1680919457.8215442, 4.336, 45.084
1680919458.021982, 4.34, 45.084
1680919458.2223563, 4.34, 45.084
1680919458.4228177, 4.34, 45.084
1680919458.6232047, 4.34, 45.084
1680919458.823542, 4.34, 45.084
1680919459.0238867, 4.336, 45.084
1680919459.2242322, 4.336, 45.084
1680919459.4246252, 4.336, 45.084
1680919459.6250393, 4.336, 45.084
1680919459.8254178, 4.336, 45.084
1680919460.0257673, 4.317, 45.084
1680919460.2261193, 4.317, 45.084
1680919460.4264822, 4.317, 44.546
1680919460.6267772, 4.317, 45.084
1680919460.8271139, 4.317, 45.084
1680919461.0274765, 4.328, 44.546
1680919461.2278728, 4.328, 45.084
1680919461.428261, 4.328, 44.546
1680919461.628605, 4.328, 45.084
1680919461.8289995, 4.328, 44.546
1680919462.0293458, 4.336, 44.546
1680919462.2297177, 4.336, 45.084
1680919462.430108, 4.336, 45.084
1680919462.6305134, 4.336, 45.084
1680919462.8307722, 4.336, 45.084
1680919463.031109, 4.336, 45.084
1680919463.2315302, 4.336, 45.084
1680919463.431888, 4.336, 45.084
1680919463.6322417, 4.336, 45.084
1680919463.8326278, 4.336, 45.084
1680919464.0331168, 4.34, 45.084
1680919464.2334712, 4.34, 45.084
1680919464.433834, 4.34, 45.084
1680919464.6341732, 4.34, 45.084
1680919464.8345234, 4.34, 45.084
1680919465.0347426, 4.328, 45.084
1680919465.235089, 4.328, 45.084
1680919465.4354274, 4.328, 45.084
1680919465.6358082, 4.328, 45.084
1680919465.8361979, 4.328, 45.084
1680919466.0365698, 4.34, 44.008
1680919466.2369564, 4.34, 44.008
1680919466.4373212, 4.34, 45.084
1680919466.6377485, 4.34, 45.084
1680919466.8381097, 4.34, 45.084
1680919467.0384674, 4.347, 45.084
1680919467.2387874, 4.347, 45.084
1680919467.4391403, 4.347, 45.084
1680919467.6394744, 4.347, 45.084
1680919467.8398147, 4.347, 45.084
1680919468.040146, 4.347, 45.084
1680919468.2405217, 4.347, 45.084
1680919468.440901, 4.347, 45.084
1680919468.6412833, 4.347, 45.084
1680919468.8416274, 4.347, 45.084
1680919469.041974, 4.34, 45.084
1680919469.242355, 4.34, 45.084
1680919469.4428911, 4.34, 45.084
1680919469.6432695, 4.34, 45.084
1680919469.8436046, 4.34, 44.546
1680919470.0440187, 4.34, 45.084
1680919470.2447214, 4.34, 45.084
1680919470.44508, 4.34, 45.084
1680919470.6454318, 4.34, 45.084
1680919470.84581, 4.34, 45.084
1680919471.0461507, 4.336, 45.084
1680919471.246573, 4.336, 45.084
1680919471.4467604, 4.336, 45.084
1680919471.6471193, 4.336, 45.084
1680919471.8474622, 4.336, 44.546
1680919472.0478206, 4.347, 45.084
1680919472.2483401, 4.347, 45.084
1680919472.4488423, 4.347, 45.084
1680919472.6492052, 4.347, 45.084
1680919472.8496366, 4.347, 45.084
1680919473.0500104, 4.344, 45.084
1680919473.2504117, 4.344, 45.084
1680919473.450788, 4.344, 45.084
1680919473.651158, 4.344, 45.084
1680919473.8515117, 4.344, 45.084
1680919474.051848, 4.344, 45.084
1680919474.2521987, 4.344, 45.084
1680919474.4527633, 4.344, 45.084
1680919474.653359, 4.344, 45.084
1680919474.8537238, 4.347, 45.084
1680919475.0540898, 4.347, 45.084
1680919475.2544808, 4.347, 45.084
1680919475.4547715, 4.347, 45.084
1680919475.6551037, 4.347, 45.084
1680919475.8554368, 4.347, 45.084
1680919476.055849, 4.347, 45.084
1680919476.2562153, 4.347, 45.084
1680919476.4566755, 4.347, 45.084
1680919476.6570501, 4.347, 45.084
1680919476.8574307, 4.347, 45.084
1680919477.0577967, 4.344, 45.084
1680919477.2581577, 4.344, 45.084
1680919477.4585605, 4.344, 45.084
1680919477.6588213, 4.344, 45.084
1680919477.859175, 4.344, 45.622
1680919478.0595756, 4.344, 45.084
1680919478.259962, 4.344, 45.084
1680919478.4603589, 4.344, 44.546
1680919478.660704, 4.344, 45.084
1680919478.8610559, 4.344, 44.546
1680919479.0614076, 4.344, 44.546
1680919479.2617748, 4.344, 45.084
1680919479.462125, 4.344, 45.084
1680919479.6625113, 4.344, 45.084
1680919479.8628426, 4.344, 45.084
1680919480.0631692, 4.344, 45.084
1680919480.2636368, 4.344, 45.084
1680919480.4640102, 4.344, 45.084
1680919480.6644247, 4.344, 45.084
1680919480.864802, 4.328, 45.084
1680919481.065159, 4.328, 45.084
1680919481.2655413, 4.328, 45.084
1680919481.4658859, 4.328, 44.546
1680919481.6662903, 4.328, 44.546
1680919481.8666728, 4.332, 44.546
1680919482.067008, 4.332, 45.084
1680919482.2673779, 4.332, 45.084
1680919482.4677677, 4.332, 45.084
1680919482.6681635, 4.332, 45.084
1680919482.8684988, 4.332, 44.546
1680919483.0688775, 4.34, 45.084
1680919483.2692423, 4.34, 45.084
1680919483.46962, 4.34, 45.084
1680919483.6700509, 4.34, 45.622
1680919483.8703923, 4.332, 45.084
1680919484.0708086, 4.332, 44.546
1680919484.2711704, 4.332, 45.084
1680919484.47151, 4.332, 45.084
1680919484.6718822, 4.332, 45.084
1680919484.8722217, 4.325, 45.084
1680919485.0726113, 4.325, 45.084
1680919485.2729743, 4.325, 44.546
1680919485.4733827, 4.325, 44.546
1680919485.6737695, 4.325, 45.084
1680919485.8741505, 4.336, 45.084
1680919486.074497, 4.336, 45.084
1680919486.2747521, 4.336, 44.546
1680919486.475104, 4.336, 45.084
1680919486.6756432, 4.336, 45.084
1680919486.8760066, 4.344, 45.084
1680919487.076369, 4.344, 45.084
1680919487.2767324, 4.344, 45.084
1680919487.4771366, 4.344, 45.084
1680919487.6774888, 4.344, 45.084
1680919487.8778856, 4.328, 44.546
1680919488.0782452, 4.328, 45.084
1680919488.2785974, 4.328, 44.546
1680919488.478935, 4.328, 45.084
1680919488.6793242, 4.328, 45.084
1680919488.8796575, 4.336, 45.084
1680919489.0799959, 4.336, 45.084
1680919489.2803385, 4.336, 45.084
1680919489.4806936, 4.336, 45.084
1680919489.681062, 4.336, 45.084
1680919489.8814676, 4.332, 45.084
1680919490.0818124, 4.332, 44.546
1680919490.282202, 4.332, 45.084
1680919490.4826772, 4.332, 45.084
1680919490.683053, 4.332, 45.084
1680919490.883418, 4.34, 45.622
1680919491.0837805, 4.34, 44.008
1680919491.2841167, 4.34, 45.084
1680919491.484471, 4.34, 44.546
1680919491.6848044, 4.34, 45.084
1680919491.8851845, 4.321, 45.084
1680919492.0855358, 4.321, 45.084
1680919492.2859251, 4.321, 45.622
1680919492.4862823, 4.321, 45.084
1680919492.686692, 4.321, 45.084
1680919492.88705, 4.344, 45.084
1680919493.087445, 4.344, 45.084
1680919493.2877688, 4.344, 45.084
1680919493.4881155, 4.344, 45.084
1680919493.6884487, 4.344, 45.084
1680919493.8888056, 4.321, 45.084
1680919494.0891674, 4.321, 45.084
1680919494.2895594, 4.321, 45.084
1680919494.4899366, 4.321, 45.084
1680919494.6903503, 4.321, 45.084
1680919494.8907537, 4.34, 45.084
1680919495.091086, 4.34, 45.084
1680919495.2914739, 4.34, 45.084
1680919495.4918172, 4.34, 45.084
1680919495.6921616, 4.34, 45.084
1680919495.8925416, 4.336, 45.084
1680919496.0928812, 4.336, 45.084
1680919496.2932506, 4.336, 45.084
1680919496.4935963, 4.336, 45.084
1680919496.6939635, 4.336, 45.084
1680919496.8943493, 4.336, 45.084
1680919497.0947602, 4.336, 45.084
1680919497.2951126, 4.336, 45.084
1680919497.4954445, 4.336, 45.084
1680919497.695765, 4.336, 45.084
1680919497.8960989, 4.309, 45.084
1680919498.0964637, 4.309, 45.084
1680919498.296851, 4.309, 45.084
1680919498.497236, 4.309, 45.084
1680919498.6976008, 4.309, 45.084
1680919498.8979924, 4.397, 45.622
1680919499.0983996, 4.397, 45.084
1680919499.2988973, 4.397, 45.084
1680919499.4992335, 4.397, 45.084
1680919499.6995695, 4.397, 45.084
1680919499.8999796, 4.317, 45.084
1680919500.100369, 4.317, 45.084
1680919500.3007061, 4.317, 45.084
1680919500.5010784, 4.317, 45.084
1680919500.7014303, 4.317, 45.084
1680919500.9018018, 4.317, 45.084
1680919501.102206, 4.34, 45.084
1680919501.3025732, 4.34, 45.084
1680919501.502959, 4.34, 45.084
1680919501.7033372, 4.34, 45.084
1680919501.9037251, 4.34, 45.084
1680919502.104074, 4.34, 45.084
1680919502.304465, 4.34, 44.008
1680919502.5047987, 4.34, 45.084
1680919502.7051172, 4.34, 45.084
1680919502.9055161, 4.344, 45.084
1680919503.10589, 4.344, 45.084
1680919503.3062532, 4.344, 45.084
1680919503.5066538, 4.344, 45.084
1680919503.7069988, 4.344, 45.084
1680919503.907347, 4.344, 45.084
1680919504.1076937, 4.34, 45.084
1680919504.3080392, 4.34, 45.084
1680919504.5083866, 4.34, 45.084
1680919504.7087364, 4.34, 45.084
1680919504.909093, 4.351, 45.084
1680919505.1094613, 4.351, 45.084
1680919505.3098712, 4.351, 45.084
1680919505.5102508, 4.351, 45.084
1680919505.7106633, 4.351, 45.084
1680919505.9111996, 4.347, 45.084
1680919506.1115246, 4.347, 44.546
1680919506.3118582, 4.347, 45.622
1680919506.512438, 4.347, 45.622
1680919506.7128024, 4.347, 45.084
1680919506.9131503, 4.347, 45.084
1680919507.1135619, 4.347, 45.084
1680919507.313913, 4.347, 45.084
1680919507.5143554, 4.347, 45.084
1680919507.7147326, 4.347, 45.084
1680919507.9151213, 4.347, 45.084
1680919508.1154673, 4.325, 45.084
1680919508.31585, 4.325, 45.084
1680919508.5162578, 4.325, 45.084
1680919508.7166324, 4.325, 45.084
1680919508.9170616, 4.328, 45.084
1680919509.1174223, 4.328, 45.084
1680919509.3177822, 4.328, 45.084
1680919509.5181682, 4.328, 45.084
1680919509.7185166, 4.328, 45.084
1680919509.918763, 4.332, 45.084
1680919510.1193085, 4.332, 45.084
1680919510.3196757, 4.332, 45.084
1680919510.5200343, 4.332, 45.084
1680919510.7203984, 4.332, 45.622
1680919510.9207966, 4.332, 45.084
1680919511.12114, 4.336, 45.084
1680919511.321508, 4.336, 45.084
1680919511.5218475, 4.336, 45.084
1680919511.7222147, 4.336, 44.546
1680919511.9225638, 4.332, 45.084
1680919512.1228054, 4.332, 45.084
1680919512.3231544, 4.332, 45.084
1680919512.5235074, 4.332, 45.084
1680919512.723841, 4.332, 45.084
1680919512.9242299, 4.344, 45.084
1680919513.1246185, 4.344, 45.084
1680919513.3249834, 4.344, 45.084
1680919513.5253398, 4.344, 45.084
1680919513.7256854, 4.344, 45.084
1680919513.9260178, 4.336, 45.084
1680919514.1263623, 4.336, 45.084
1680919514.326838, 4.336, 45.084
1680919514.5271971, 4.336, 45.084
1680919514.7275565, 4.336, 45.084
1680919514.9279163, 4.336, 45.084
1680919515.1283064, 4.332, 45.084
1680919515.328637, 4.332, 45.084
1680919515.5291424, 4.332, 45.084
1680919515.729491, 4.332, 45.084
1680919515.9298804, 4.309, 45.084
1680919516.1302154, 4.309, 45.084
1680919516.3308277, 4.309, 45.084
1680919516.531177, 4.309, 45.084
1680919516.7315822, 4.309, 45.084
1680919516.9319181, 4.336, 45.084
1680919517.1322958, 4.336, 45.084
1680919517.3327048, 4.336, 45.084
1680919517.5330489, 4.336, 45.084
1680919517.7334442, 4.336, 45.084
1680919517.9337974, 4.309, 45.084
1680919518.134136, 4.309, 45.084
1680919518.3345265, 4.309, 45.084
1680919518.534807, 4.309, 45.084
1680919518.7351575, 4.309, 45.084
1680919518.9355142, 4.344, 45.084
1680919519.1358516, 4.344, 45.084
1680919519.3362038, 4.344, 45.084
1680919519.5366104, 4.344, 45.084
1680919519.737005, 4.344, 45.084
1680919519.937372, 4.344, 45.084
1680919520.1377246, 4.344, 45.084
1680919520.3381414, 4.344, 45.084
1680919520.5385134, 4.344, 45.084
1680919520.7387457, 4.344, 44.546
1680919520.9391308, 4.359, 45.084
1680919521.1394682, 4.359, 45.084
1680919521.3398578, 4.359, 45.084
1680919521.5402195, 4.359, 45.084
1680919521.7405593, 4.359, 45.084
1680919521.9409297, 4.336, 45.622
1680919522.1413345, 4.336, 45.084
1680919522.341781, 4.336, 45.084
1680919522.542167, 4.336, 44.008
1680919522.742542, 4.336, 45.084
1680919522.9427679, 4.336, 45.084
1680919523.1430938, 4.336, 45.084
1680919523.3434455, 4.336, 45.084
1680919523.543783, 4.336, 45.622
1680919523.7441874, 4.336, 45.622
1680919523.9445612, 4.336, 45.084
1680919524.1449015, 4.336, 45.084
1680919524.3453166, 4.336, 45.622
1680919524.5457087, 4.336, 45.084
1680919524.7460637, 4.336, 45.084
1680919524.9464872, 4.325, 45.084
1680919525.1467817, 4.325, 45.084
1680919525.347119, 4.325, 45.084
1680919525.5474555, 4.325, 45.084
1680919525.7478023, 4.325, 45.084
1680919525.9482121, 4.328, 45.084
1680919526.1485589, 4.328, 45.084
1680919526.3489053, 4.328, 45.084
1680919526.5493808, 4.328, 45.084
1680919526.7497733, 4.328, 45.084
1680919526.9501545, 4.344, 45.084
1680919527.1505075, 4.344, 45.084
1680919527.35075, 4.344, 45.084
1680919527.5511417, 4.344, 45.084
1680919527.7514772, 4.344, 45.084
1680919527.9518554, 4.336, 45.084
1680919528.1521945, 4.336, 45.084
1680919528.3525326, 4.336, 45.084
1680919528.5528781, 4.336, 45.084
1680919528.7532282, 4.336, 45.084
1680919528.953638, 4.317, 45.084
1680919529.1540818, 4.317, 45.084
1680919529.354437, 4.317, 45.084
1680919529.5548697, 4.317, 45.084
1680919529.7552357, 4.317, 45.084
1680919529.955633, 4.313, 45.084
1680919530.155986, 4.313, 45.084
1680919530.356308, 4.313, 45.084
1680919530.5566897, 4.313, 45.084
1680919530.75766, 4.313, 45.084
1680919530.9580457, 4.321, 45.084
1680919531.1589403, 4.321, 45.084
1680919531.3592846, 4.321, 45.084
1680919531.5596178, 4.321, 45.084
1680919531.7600288, 4.321, 45.084
1680919531.9604094, 4.344, 45.084
1680919532.1607647, 4.344, 45.084
1680919532.361184, 4.344, 45.084
1680919532.5615845, 4.344, 45.084
1680919532.7619758, 4.344, 45.084
1680919532.9623287, 4.313, 45.084
1680919533.16273, 4.313, 45.084
1680919533.3630793, 4.313, 45.622
1680919533.5634198, 4.313, 45.084
1680919533.7638721, 4.313, 45.622
1680919533.9642305, 4.34, 45.084
1680919534.1646898, 4.34, 45.084
1680919534.3650575, 4.34, 44.546
1680919534.5654614, 4.34, 45.084
1680919534.7658188, 4.34, 45.084
1680919534.9661708, 4.317, 45.084
1680919535.1665342, 4.317, 45.084
1680919535.3667676, 4.317, 45.084
1680919535.567103, 4.317, 45.084
1680919535.7674742, 4.317, 45.084
1680919535.967811, 4.332, 45.084
1680919536.1681666, 4.332, 45.084
1680919536.368515, 4.332, 45.084
1680919536.5689275, 4.332, 45.084
1680919536.76926, 4.332, 45.084
1680919536.969609, 4.336, 45.084
1680919537.169964, 4.336, 45.084
1680919537.3703868, 4.336, 45.084
1680919537.5708377, 4.336, 45.084
1680919537.7711935, 4.336, 45.084
1680919537.9718707, 4.328, 45.084
1680919538.1722775, 4.328, 45.084
1680919538.3726327, 4.328, 45.622
1680919538.5730772, 4.328, 45.084
1680919538.7734723, 4.328, 45.084
1680919538.9738245, 4.321, 45.084
1680919539.174173, 4.321, 45.622
1680919539.3745403, 4.321, 45.084
1680919539.574905, 4.321, 45.084
1680919539.7752345, 4.321, 44.546
1680919539.9756064, 4.321, 45.084
1680919540.1759415, 4.321, 45.622
1680919540.3764818, 4.321, 45.622
1680919540.576841, 4.321, 45.084
1680919540.7772753, 4.321, 45.084
1680919540.9776397, 4.317, 45.084
1680919541.17799, 4.317, 45.084
1680919541.3784058, 4.317, 45.084
1680919541.5787854, 4.317, 45.084
1680919541.7791073, 4.317, 45.084
1680919541.97948, 4.363, 45.084
1680919542.1798725, 4.363, 45.622
1680919542.3802361, 4.363, 45.084
1680919542.5805812, 4.363, 45.084
1680919542.780927, 4.363, 45.622
1680919542.981307, 4.347, 45.622
1680919543.181701, 4.347, 45.084
1680919543.382069, 4.347, 45.084
1680919543.582424, 4.347, 45.084
1680919543.7827427, 4.347, 45.084
1680919543.9830716, 4.34, 45.084
1680919544.183435, 4.34, 45.084
1680919544.3837826, 4.34, 45.084
1680919544.5841203, 4.34, 45.084
1680919544.784456, 4.34, 45.084
1680919544.9848108, 4.317, 45.084
1680919545.1851592, 4.317, 45.084
1680919545.3855553, 4.317, 45.084
1680919545.586075, 4.317, 45.084
1680919545.7864249, 4.317, 45.622
1680919545.9867983, 4.34, 45.084
1680919546.1872454, 4.34, 45.084
1680919546.387866, 4.34, 45.084
1680919546.5881975, 4.34, 45.084
1680919546.7890563, 4.34, 45.084
1680919546.9894302, 4.321, 45.084
1680919547.1897736, 4.321, 45.622
1680919547.3901105, 4.321, 44.546
1680919547.5904999, 4.321, 45.084
1680919547.7907684, 4.321, 45.084
1680919547.9910965, 4.325, 45.622
1680919548.1914291, 4.325, 45.084
1680919548.391757, 4.325, 45.084
1680919548.5921125, 4.325, 45.084
1680919548.792524, 4.325, 45.084
1680919548.9929178, 4.313, 45.084
1680919549.193253, 4.313, 45.084
1680919549.3935964, 4.313, 45.084
1680919549.5940568, 4.313, 45.084
1680919549.7944088, 4.313, 45.084
1680919549.994904, 4.332, 45.622
1680919550.19524, 4.332, 45.084
1680919550.3956153, 4.332, 45.084
1680919550.5959468, 4.332, 45.084
1680919550.7962847, 4.332, 45.622
1680919550.9966497, 4.336, 45.084
1680919551.1969888, 4.336, 45.084
1680919551.397409, 4.336, 45.084
1680919551.5977516, 4.336, 45.622
1680919551.7981112, 4.336, 45.084
1680919551.9986534, 4.332, 45.084
1680919552.1990101, 4.332, 45.622
1680919552.3993595, 4.332, 45.084
1680919552.599943, 4.332, 45.622
1680919552.800271, 4.332, 45.084
1680919553.0006285, 4.29, 45.084
1680919553.2009706, 4.29, 45.084
1680919553.4013338, 4.29, 45.084
1680919553.6016834, 4.29, 45.622
1680919553.8023021, 4.29, 45.084
1680919554.0027375, 4.271, 45.622
1680919554.2032242, 4.271, 45.084
1680919554.4035563, 4.271, 45.084
1680919554.603952, 4.271, 45.084
1680919554.8042822, 4.271, 45.084
1680919555.004636, 4.328, 45.622
1680919555.2051222, 4.328, 45.084
1680919555.4054623, 4.328, 45.084
1680919555.6058753, 4.328, 45.622
1680919555.8062232, 4.328, 45.084
1680919556.0067005, 4.313, 45.084
1680919556.207076, 4.313, 45.622
1680919556.4074004, 4.313, 45.084
1680919556.6077344, 4.313, 45.084
1680919556.8081164, 4.313, 45.084
1680919557.0084858, 4.325, 45.084
1680919557.209043, 4.325, 45.084
1680919557.4094117, 4.325, 45.084
1680919557.6097665, 4.325, 45.084
1680919557.810117, 4.325, 45.084
1680919558.0104733, 4.313, 45.084
1680919558.2108507, 4.313, 45.084
1680919558.4112308, 4.313, 45.084
1680919558.61159, 4.313, 45.084
1680919558.8119266, 4.313, 45.084
1680919559.0125165, 4.34, 45.084
1680919559.2128644, 4.34, 45.084
1680919559.4132721, 4.34, 45.084
1680919559.6136105, 4.34, 45.622
1680919559.8141532, 4.34, 45.622
1680919560.0145328, 4.321, 45.084
1680919560.2147841, 4.321, 45.084
1680919560.4152515, 4.321, 45.084
1680919560.6155858, 4.321, 45.084
1680919560.815987, 4.321, 45.084
1680919561.016319, 4.321, 45.084
1680919561.2166703, 4.321, 45.084
1680919561.4170258, 4.321, 45.084
1680919561.6173599, 4.321, 45.084
1680919561.8177552, 4.321, 45.084
1680919562.0181305, 4.34, 45.084
1680919562.2184875, 4.34, 45.084
1680919562.4189143, 4.34, 45.084
1680919562.6192567, 4.34, 45.084
1680919562.819888, 4.34, 45.084
1680919563.0202498, 4.336, 45.622
1680919563.2205985, 4.336, 45.084
1680919563.4210093, 4.336, 45.622
1680919563.621506, 4.336, 45.084
1680919563.8218472, 4.336, 45.084
1680919564.0222464, 4.302, 45.084
1680919564.2227, 4.302, 45.084
1680919564.4230576, 4.302, 45.084
1680919564.6234608, 4.302, 45.622
1680919564.8238857, 4.302, 45.084
1680919565.0242157, 4.344, 45.622
1680919565.224726, 4.344, 45.084
1680919565.4253361, 4.344, 45.084
1680919565.6257293, 4.344, 45.084
1680919565.8260975, 4.344, 45.084
1680919566.026453, 4.317, 45.084
1680919566.2268007, 4.317, 45.084
1680919566.427172, 4.317, 45.622
1680919566.627525, 4.317, 45.084
1680919566.827883, 4.317, 45.084
1680919567.0282705, 4.336, 45.084
1680919567.228751, 4.336, 45.084
1680919567.429106, 4.336, 45.084
1680919567.6294694, 4.336, 45.084
1680919567.8298223, 4.336, 45.084
1680919568.030165, 4.332, 45.084
1680919568.2305098, 4.332, 45.084
1680919568.430741, 4.332, 45.084
1680919568.6310985, 4.332, 45.084
1680919568.8314905, 4.332, 45.622
1680919569.031824, 4.325, 45.084
1680919569.2321632, 4.325, 45.084
1680919569.432513, 4.325, 45.084
1680919569.632862, 4.325, 45.084
1680919569.8332436, 4.325, 45.084
1680919570.0336015, 4.325, 45.084
1680919570.2339845, 4.325, 45.084
1680919570.4343667, 4.325, 45.084
1680919570.6347506, 4.325, 45.084
1680919570.8351486, 4.325, 45.084
1680919571.0355103, 4.355, 45.622
1680919571.2358677, 4.355, 45.084
1680919571.4362445, 4.355, 45.084
1680919571.6366057, 4.355, 45.084
1680919571.8369582, 4.355, 45.084
1680919572.037327, 4.34, 45.622
1680919572.237702, 4.34, 45.084
1680919572.4381793, 4.34, 45.084
1680919572.638542, 4.34, 45.084
1680919572.8387733, 4.34, 45.084
1680919573.039214, 4.279, 45.084
1680919573.2395823, 4.279, 45.084
1680919573.4399648, 4.279, 45.084
1680919573.6403034, 4.279, 45.084
1680919573.840871, 4.279, 45.084
1680919574.0412538, 4.325, 45.084
1680919574.2416818, 4.325, 45.084
1680919574.4421494, 4.325, 45.084
1680919574.6424885, 4.325, 45.084
1680919574.8428063, 4.325, 45.084
1680919575.0433161, 4.321, 45.622
1680919575.24377, 4.321, 45.084
1680919575.444195, 4.321, 45.622
1680919575.64455, 4.321, 45.084
1680919575.8448982, 4.321, 45.084
1680919576.045344, 4.328, 45.084
1680919576.2457254, 4.328, 45.084
1680919576.4460945, 4.328, 45.084
1680919576.646757, 4.328, 45.622
1680919576.8471045, 4.328, 45.084
1680919577.0474508, 4.263, 45.084
1680919577.2478447, 4.263, 45.084
1680919577.4481933, 4.263, 45.084
1680919577.6485548, 4.263, 45.084
1680919577.8489733, 4.263, 45.084
1680919578.0493186, 4.355, 45.084
1680919578.2496922, 4.355, 45.622
1680919578.4500394, 4.355, 45.084
1680919578.6504438, 4.355, 45.084
1680919578.850764, 4.286, 45.084
1680919579.0511506, 4.286, 45.084
1680919579.2515173, 4.286, 45.084
1680919579.4518702, 4.286, 45.084
1680919579.652215, 4.286, 45.084
1680919579.8526375, 4.286, 45.084
1680919580.052986, 4.34, 45.084
1680919580.2533305, 4.34, 45.084
1680919580.453996, 4.34, 45.084
1680919580.6544106, 4.34, 45.084
1680919580.8548021, 4.34, 45.084
1680919581.055146, 4.252, 45.622
1680919581.2555313, 4.252, 45.084
1680919581.4558644, 4.252, 45.084
1680919581.6563413, 4.252, 45.084
1680919581.856755, 4.317, 45.084
1680919582.057129, 4.317, 45.084
1680919582.2574687, 4.317, 45.084
1680919582.4580588, 4.317, 45.084
1680919582.6584249, 4.317, 45.084
1680919582.858843, 4.332, 45.084
1680919583.0592084, 4.332, 45.084
1680919583.259557, 4.332, 45.084
1680919583.4599342, 4.332, 45.084
1680919583.660328, 4.332, 45.084
1680919583.860726, 4.313, 45.084
1680919584.0610604, 4.313, 45.084
1680919584.2614315, 4.313, 45.084
1680919584.4617689, 4.313, 45.084
1680919584.662296, 4.313, 45.084
1680919584.8626897, 4.351, 45.084
1680919585.0630229, 4.351, 45.084
1680919585.2633615, 4.351, 45.084
1680919585.463699, 4.351, 45.084
1680919585.6640904, 4.351, 45.084
1680919585.864488, 4.34, 45.622
1680919586.0648296, 4.34, 45.084
1680919586.2651932, 4.34, 45.084
1680919586.4655685, 4.34, 45.084
1680919586.665917, 4.34, 45.084
1680919586.8662753, 4.344, 45.084
1680919587.0667286, 4.344, 45.084
1680919587.2670789, 4.344, 45.084
1680919587.4674742, 4.344, 44.546
1680919587.6678264, 4.344, 45.084
1680919587.868192, 4.328, 45.084
1680919588.0685673, 4.328, 45.084
1680919588.2689795, 4.328, 45.084
1680919588.4693334, 4.328, 45.084
1680919588.6696863, 4.328, 45.084
1680919588.8700328, 4.325, 45.084
1680919589.0704665, 4.325, 45.084
1680919589.2707872, 4.325, 45.084
1680919589.4712088, 4.325, 45.084
1680919589.6715612, 4.325, 45.084
1680919589.8719668, 4.344, 45.084
1680919590.0723517, 4.344, 45.084
1680919590.2727253, 4.344, 45.084
1680919590.47308, 4.344, 45.084
1680919590.6734352, 4.344, 45.084
1680919590.873798, 4.34, 45.084
1680919591.074147, 4.34, 45.084
1680919591.2745795, 4.34, 45.084
1680919591.4749124, 4.34, 45.084
1680919591.675277, 4.34, 45.084
1680919591.8756635, 4.34, 45.084
1680919592.0759964, 4.336, 45.084
1680919592.2763567, 4.336, 45.084
1680919592.4767308, 4.336, 45.084
1680919592.6771374, 4.336, 45.084
1680919592.8774872, 4.336, 45.084
1680919593.0778327, 4.336, 45.084
1680919593.278368, 4.336, 45.622
1680919593.4787438, 4.336, 45.084
1680919593.679076, 4.336, 45.084
1680919593.879427, 4.34, 45.622
1680919594.0797744, 4.34, 45.084
1680919594.2801104, 4.34, 45.084
1680919594.4804587, 4.34, 45.622
1680919594.6808448, 4.34, 45.084
1680919594.881224, 4.328, 45.084
1680919595.0816042, 4.328, 45.084
1680919595.2819533, 4.328, 45.084
1680919595.4823408, 4.328, 45.622
1680919595.6827574, 4.328, 45.084
1680919595.8831413, 4.321, 45.084
1680919596.0834672, 4.321, 45.084
1680919596.283804, 4.321, 45.084
1680919596.4841814, 4.321, 45.084
1680919596.6846154, 4.321, 45.084
1680919596.88496, 4.325, 45.622
1680919597.0853097, 4.325, 45.084
1680919597.2857115, 4.325, 45.084
1680919597.4861226, 4.325, 45.622
1680919597.6865, 4.325, 45.084
1680919597.886823, 4.325, 45.084
1680919598.0871503, 4.347, 45.084
1680919598.2875023, 4.347, 45.084
1680919598.487863, 4.347, 45.084
1680919598.6882594, 4.347, 45.084
1680919598.8886018, 4.336, 45.084
1680919599.0889602, 4.336, 45.084
1680919599.289333, 4.336, 45.084
1680919599.4896872, 4.336, 45.622
1680919599.6900818, 4.336, 45.084
1680919599.890453, 4.359, 45.084
1680919600.0909913, 4.359, 45.084
1680919600.291339, 4.359, 45.084
1680919600.4916835, 4.359, 45.084
1680919600.692055, 4.359, 45.622
1680919600.8924565, 4.34, 45.084
1680919601.0928195, 4.34, 45.084
1680919601.2931876, 4.34, 45.084
1680919601.4936845, 4.34, 45.084
1680919601.6942148, 4.34, 45.084
1680919601.8946548, 4.325, 45.084
1680919602.095077, 4.325, 45.084
1680919602.2954803, 4.325, 45.084
1680919602.4958894, 4.325, 45.084
1680919602.696263, 4.325, 45.084
1680919602.8968618, 4.321, 45.084
1680919603.0972223, 4.321, 45.084
1680919603.2978084, 4.321, 45.084
1680919603.4981465, 4.321, 45.084
1680919603.6985033, 4.321, 45.084
1680919603.8987923, 4.328, 45.084
1680919604.0991318, 4.328, 45.084
1680919604.2995043, 4.328, 45.084
1680919604.4999084, 4.328, 45.084
1680919604.7002466, 4.328, 45.084
1680919604.900821, 4.344, 45.084
1680919605.1012263, 4.344, 45.084
1680919605.3015645, 4.344, 45.084
1680919605.5019872, 4.344, 45.622
1680919605.7024114, 4.344, 45.084
1680919605.902802, 4.309, 45.622
1680919606.1031508, 4.309, 45.084
1680919606.303664, 4.309, 45.084
1680919606.5039918, 4.309, 44.546
1680919606.7043476, 4.309, 45.084
1680919606.9047334, 4.336, 45.622
1680919607.1050787, 4.336, 45.622
1680919607.3054533, 4.336, 45.084
1680919607.5057979, 4.336, 45.084
1680919607.7061934, 4.336, 45.084
1680919607.9065545, 4.34, 45.084
1680919608.106801, 4.34, 46.16
1680919608.3071404, 4.34, 45.084
1680919608.5074718, 4.34, 45.084
1680919608.7078223, 4.34, 45.084
1680919608.9081562, 4.233, 45.084
1680919609.1084898, 4.233, 45.084
1680919609.3088477, 4.233, 45.084
1680919609.5092378, 4.233, 45.084
1680919609.7096584, 4.233, 45.084
1680919609.9101264, 4.302, 45.622
1680919610.1104662, 4.302, 45.622
1680919610.31089, 4.302, 45.084
1680919610.5112224, 4.302, 45.084
1680919610.7117612, 4.302, 45.622
1680919610.9120896, 4.328, 45.084
1680919611.1124225, 4.328, 45.084
1680919611.3127756, 4.328, 45.084
1680919611.513132, 4.328, 45.084
1680919611.7135072, 4.328, 45.622
1680919611.9138765, 4.332, 45.084
1680919612.1142137, 4.332, 45.084
1680919612.3145459, 4.332, 45.084
1680919612.5149763, 4.332, 45.084
1680919612.7153387, 4.332, 45.084
1680919612.9156978, 4.344, 45.084
1680919613.1162179, 4.344, 45.084
1680919613.3165786, 4.344, 45.084
1680919613.5169556, 4.344, 46.16
1680919613.717416, 4.344, 45.084
1680919613.9177644, 4.34, 45.084
1680919614.1181037, 4.34, 45.084
1680919614.3185399, 4.34, 45.622
1680919614.518754, 4.34, 45.084
1680919614.7191422, 4.34, 45.622
1680919614.9194913, 4.317, 45.084
1680919615.1198664, 4.317, 45.084
1680919615.3203304, 4.317, 45.084
1680919615.5209699, 4.317, 45.084
1680919615.7213066, 4.317, 45.084
1680919615.9217017, 4.328, 45.084
1680919616.1220498, 4.328, 45.084
1680919616.3224626, 4.328, 45.084
1680919616.5227547, 4.328, 45.622
1680919616.7230866, 4.328, 45.084
1680919616.9234178, 4.328, 45.084
1680919617.1237707, 4.328, 45.622
1680919617.3241072, 4.328, 45.622
1680919617.5244594, 4.328, 45.084
1680919617.7248042, 4.328, 45.084
1680919617.925149, 4.336, 45.084
1680919618.125542, 4.336, 45.622
1680919618.3259592, 4.336, 45.084
1680919618.5262873, 4.336, 45.084
1680919618.726717, 4.336, 45.622
1680919618.9271002, 4.34, 45.084
1680919619.1274452, 4.34, 45.084
1680919619.3277879, 4.34, 45.084
1680919619.528471, 4.34, 45.084
1680919619.7288747, 4.34, 45.622
1680919619.9292526, 4.34, 45.084
1680919620.1296053, 4.34, 45.622
1680919620.329948, 4.34, 45.084
1680919620.5302863, 4.34, 45.084
1680919620.7306664, 4.34, 45.622
1680919620.9310312, 4.366, 45.084
1680919621.1313744, 4.366, 45.084
1680919621.3317475, 4.366, 45.084
1680919621.5320823, 4.366, 45.084
1680919621.7324321, 4.366, 45.084
1680919621.9328067, 4.336, 45.084
1680919622.133201, 4.336, 45.084
1680919622.3335865, 4.336, 45.084
1680919622.5339408, 4.336, 45.622
1680919622.7343125, 4.336, 45.084
1680919622.9347646, 4.336, 45.084
1680919623.1351316, 4.34, 45.084
1680919623.3354838, 4.34, 45.084
1680919623.5358324, 4.34, 45.084
1680919623.7362025, 4.34, 45.084
1680919623.936574, 4.336, 45.084
1680919624.136915, 4.336, 45.084
1680919624.3373005, 4.336, 45.084
1680919624.5376728, 4.336, 45.084
1680919624.7380476, 4.336, 45.084
1680919624.9384441, 4.321, 45.084
1680919625.1387541, 4.321, 45.084
1680919625.3390884, 4.321, 45.084
1680919625.539499, 4.321, 45.084
1680919625.7398415, 4.321, 45.622
1680919625.940207, 4.313, 45.084
1680919626.140544, 4.313, 45.084
1680919626.3409264, 4.313, 45.084
1680919626.5413392, 4.313, 45.084
1680919626.7416844, 4.313, 45.622
1680919626.9422326, 4.34, 45.084
1680919627.142569, 4.34, 45.084
1680919627.3428457, 4.34, 45.084
1680919627.5431957, 4.34, 45.084
1680919627.7435286, 4.34, 45.622
1680919627.943906, 4.34, 45.084
1680919628.1442537, 4.34, 45.622
1680919628.3445833, 4.34, 45.084
1680919628.5449424, 4.34, 45.084
1680919628.7453322, 4.34, 45.084
1680919628.9457483, 4.34, 45.084
1680919629.1461422, 4.34, 45.084
1680919629.3465447, 4.34, 45.084
1680919629.546816, 4.34, 45.084
1680919629.747149, 4.34, 45.622
1680919629.9474962, 4.336, 45.084
1680919630.1478522, 4.336, 45.622
1680919630.3482695, 4.336, 45.084
1680919630.5486019, 4.336, 45.622
1680919630.7489512, 4.336, 45.622
1680919630.9493186, 4.336, 45.084
1680919631.1496894, 4.336, 45.622
1680919631.3500385, 4.336, 45.084
1680919631.550396, 4.336, 45.622
1680919631.7507539, 4.336, 46.16
1680919631.9510987, 4.332, 45.084
1680919632.15146, 4.332, 45.084
1680919632.3517954, 4.332, 45.084
1680919632.5522754, 4.332, 45.622
1680919632.7526085, 4.332, 45.622
1680919632.9529624, 4.321, 45.622
1680919633.1533659, 4.321, 45.084
1680919633.353761, 4.321, 45.622
1680919633.55415, 4.321, 45.084
1680919633.754669, 4.321, 45.622
1680919633.9550607, 4.34, 45.622
1680919634.1554058, 4.34, 45.084
1680919634.3557487, 4.34, 45.084
1680919634.5561223, 4.34, 45.622
1680919634.7564645, 4.34, 45.622
1680919634.9568727, 4.325, 45.622
1680919635.1572032, 4.325, 45.084
1680919635.3576303, 4.325, 45.084
1680919635.557993, 4.325, 45.084
1680919635.758342, 4.325, 45.622
1680919635.9587574, 4.336, 45.084
1680919636.1590877, 4.336, 45.084
1680919636.3594975, 4.336, 45.084
1680919636.5598478, 4.336, 45.084
1680919636.7601867, 4.336, 45.084
1680919636.960525, 4.34, 45.084
1680919637.160859, 4.34, 45.622
1680919637.361206, 4.34, 45.084
1680919637.561552, 4.34, 45.622
1680919637.7619226, 4.34, 45.084
1680919637.9623938, 4.328, 45.622
1680919638.1627853, 4.328, 45.084
1680919638.363193, 4.328, 45.084
1680919638.563551, 4.328, 45.622
1680919638.7639291, 4.328, 45.084
1680919638.9642875, 4.332, 45.622
1680919639.1646929, 4.332, 45.622
1680919639.365052, 4.332, 45.084
1680919639.565476, 4.332, 45.622
1680919639.7658432, 4.332, 45.084
1680919639.9663856, 4.336, 45.084
1680919640.1668973, 4.336, 45.084
1680919640.3672493, 4.336, 45.084
1680919640.5675805, 4.336, 45.084
1680919640.7679412, 4.336, 45.084
1680919640.968581, 4.328, 45.084
1680919641.1689968, 4.328, 45.084
1680919641.369359, 4.328, 45.084
1680919641.56972, 4.328, 45.084
1680919641.770085, 4.328, 45.084
1680919641.9704406, 4.332, 45.084
1680919642.1707866, 4.332, 45.084
1680919642.3711233, 4.332, 45.084
1680919642.5714793, 4.332, 45.084
1680919642.7719107, 4.332, 45.084
1680919642.9722486, 4.344, 45.622
1680919643.17259, 4.344, 45.084
1680919643.3729608, 4.344, 45.084
1680919643.5733407, 4.344, 45.084
1680919643.773825, 4.344, 45.084
1680919643.9741502, 4.317, 46.16
1680919644.1744993, 4.317, 45.622
1680919644.374932, 4.317, 45.084
1680919644.575264, 4.317, 45.084
1680919644.7756135, 4.317, 45.084
1680919644.976062, 4.34, 45.622
1680919645.1764615, 4.34, 45.084
1680919645.3767996, 4.34, 45.084
1680919645.5771642, 4.34, 45.084
1680919645.7778323, 4.34, 45.084
1680919645.978238, 4.336, 45.084
1680919646.1789882, 4.336, 45.084
1680919646.3793848, 4.336, 45.622
1680919646.5797849, 4.336, 45.084
1680919646.7801328, 4.336, 45.084
1680919646.9805057, 4.328, 45.084
1680919647.1810086, 4.328, 45.084
1680919647.3813717, 4.328, 45.084
1680919647.581768, 4.328, 45.622
1680919647.7821581, 4.328, 45.084
1680919647.9825199, 4.34, 45.084
1680919648.1827767, 4.34, 45.084
1680919648.3831055, 4.34, 45.084
1680919648.5834262, 4.34, 45.084
1680919648.783762, 4.34, 45.084
1680919648.9841175, 4.317, 45.084
1680919649.1844852, 4.317, 45.084
1680919649.3848386, 4.317, 45.622
1680919649.5852144, 4.317, 45.084
1680919649.785643, 4.317, 45.084
1680919649.9859862, 4.317, 45.622
1680919650.1863298, 4.317, 45.084
1680919650.3867116, 4.317, 45.084
1680919650.5870693, 4.317, 45.622
1680919650.7874267, 4.317, 45.622
1680919650.9877458, 4.317, 45.084
1680919651.188085, 4.34, 45.084
1680919651.3884265, 4.34, 45.622
1680919651.588831, 4.34, 45.622
1680919651.7891736, 4.34, 45.084
1680919651.9895356, 4.313, 45.084
1680919652.1899178, 4.313, 45.084
1680919652.3903074, 4.313, 45.622
1680919652.590725, 4.313, 45.084
1680919652.7910666, 4.313, 45.084
1680919652.991403, 4.325, 45.622
1680919653.1917636, 4.325, 45.622
1680919653.3921528, 4.325, 45.622
1680919653.5925505, 4.325, 45.084
1680919653.7929013, 4.325, 45.084
1680919653.9932573, 4.317, 45.084
1680919654.1936395, 4.317, 45.084
1680919654.3939693, 4.317, 45.084
1680919654.59434, 4.317, 45.084
1680919654.7947388, 4.317, 45.084
1680919654.995093, 4.336, 45.622
1680919655.1954315, 4.336, 45.622
1680919655.3958082, 4.336, 45.622
1680919655.596193, 4.336, 45.084
1680919655.7965672, 4.336, 45.084
1680919655.996935, 4.328, 45.622
1680919656.197403, 4.328, 45.622
1680919656.3977811, 4.328, 45.084
1680919656.5981407, 4.328, 45.084
1680919656.7985096, 4.328, 45.084
1680919656.998796, 4.313, 45.622
1680919657.1991754, 4.313, 45.622
1680919657.3995135, 4.313, 45.622
1680919657.599881, 4.313, 45.084
1680919657.8003044, 4.313, 45.084
1680919658.0006437, 4.313, 45.622
1680919658.2010002, 4.313, 45.622
1680919658.4013648, 4.313, 45.622
1680919658.6017072, 4.313, 45.622
1680919658.8020656, 4.313, 45.084
1680919659.0024517, 4.332, 45.084
1680919659.2028546, 4.332, 45.084
1680919659.4032211, 4.332, 45.622
1680919659.6035678, 4.332, 45.084
1680919659.8039005, 4.332, 45.622
1680919660.0042682, 4.328, 45.084
1680919660.2046268, 4.328, 45.084
1680919660.4049823, 4.328, 45.622
1680919660.6053433, 4.328, 45.622
1680919660.8056915, 4.328, 45.622
1680919661.006082, 4.328, 45.622
1680919661.2064624, 4.302, 45.622
1680919661.4068003, 4.302, 45.622
1680919661.6071799, 4.302, 45.622
1680919661.8075175, 4.302, 45.084
1680919662.007883, 4.336, 45.084
1680919662.2082558, 4.336, 45.622
1680919662.4086456, 4.336, 45.084
1680919662.6089962, 4.336, 45.084
1680919662.8093488, 4.336, 45.084
1680919663.009702, 4.325, 46.16
1680919663.2100925, 4.325, 45.084
1680919663.4104505, 4.325, 45.622
1680919663.6108096, 4.325, 45.084
1680919663.8111637, 4.325, 45.084
1680919664.0116446, 4.332, 45.084
1680919664.2119927, 4.332, 45.622
1680919664.4123318, 4.332, 45.084
1680919664.6127033, 4.332, 45.084
1680919664.8130486, 4.332, 45.084
1680919665.0134254, 4.344, 45.084
1680919665.2139394, 4.344, 45.084
1680919665.414288, 4.344, 45.622
1680919665.6146796, 4.344, 45.622
1680919665.815012, 4.344, 45.084
1680919666.0153418, 4.344, 46.16
1680919666.21568, 4.328, 45.622
1680919666.4160457, 4.328, 45.084
1680919666.616384, 4.328, 45.084
1680919666.8167186, 4.328, 45.084
1680919667.0170507, 4.328, 45.084
1680919667.2173991, 4.328, 45.084
1680919667.4177992, 4.328, 45.084
1680919667.6181366, 4.328, 46.16
1680919667.8185022, 4.328, 45.622
1680919668.0187526, 4.336, 45.084
1680919668.2190793, 4.336, 45.622
1680919668.419554, 4.336, 45.084
1680919668.6199417, 4.336, 45.622
1680919668.8203175, 4.336, 45.084
1680919669.0206938, 4.328, 46.16
1680919669.2210348, 4.328, 45.084
1680919669.4214172, 4.328, 45.622
1680919669.621783, 4.328, 45.084
1680919669.8221128, 4.328, 45.622
1680919670.0224912, 4.321, 45.622
1680919670.2227945, 4.321, 45.084
1680919670.4232886, 4.321, 46.16
1680919670.623681, 4.321, 45.622
1680919670.8240547, 4.321, 45.622
1680919671.024417, 4.336, 45.084
1680919671.2247586, 4.336, 45.622
1680919671.4253695, 4.336, 45.622
1680919671.6257155, 4.336, 45.084
1680919671.826091, 4.336, 45.084
1680919672.0264814, 4.34, 45.622
1680919672.2267601, 4.34, 45.622
1680919672.42716, 4.34, 45.622
1680919672.627497, 4.34, 45.084
1680919672.827839, 4.34, 45.622
1680919673.0282557, 4.336, 45.084
1680919673.2286747, 4.336, 45.084
1680919673.429083, 4.336, 45.622
1680919673.6295521, 4.336, 45.084
1680919673.8301058, 4.336, 45.622
1680919674.0308266, 4.325, 45.622
1680919674.2311714, 4.325, 45.084
1680919674.4315386, 4.325, 45.084
1680919674.6319516, 4.325, 45.622
1680919674.832323, 4.325, 45.622
1680919675.0326607, 4.34, 45.084
1680919675.233009, 4.34, 45.084
1680919675.4333954, 4.34, 45.622
1680919675.633734, 4.34, 45.622
1680919675.834172, 4.34, 45.084
1680919676.0347447, 4.332, 45.084
1680919676.2350883, 4.332, 45.622
1680919676.435456, 4.332, 45.622
1680919676.6358147, 4.332, 45.084
1680919676.83615, 4.332, 45.622
1680919677.0365086, 4.328, 45.084
1680919677.2368543, 4.328, 45.622
1680919677.4371967, 4.328, 45.084
1680919677.6378324, 4.328, 45.084
1680919677.8381767, 4.328, 46.16
1680919678.0387795, 4.321, 45.622
1680919678.2391517, 4.321, 45.622
1680919678.4394686, 4.321, 45.084
1680919678.6398494, 4.321, 45.084
1680919678.840196, 4.321, 45.084
1680919679.0405436, 4.344, 45.084
1680919679.2408822, 4.344, 45.084
1680919679.4412353, 4.344, 45.622
1680919679.6416078, 4.344, 45.622
1680919679.841971, 4.344, 45.622
1680919680.0423753, 4.336, 46.16
1680919680.2427967, 4.336, 45.084
1680919680.4431393, 4.336, 45.084
1680919680.6434877, 4.336, 45.084
1680919680.8438876, 4.336, 45.084
1680919681.0442452, 4.34, 45.084
1680919681.244599, 4.34, 45.084
1680919681.4449396, 4.34, 45.084
1680919681.6453338, 4.34, 45.622
1680919681.8456755, 4.34, 45.084
1680919682.0460443, 4.34, 45.084
1680919682.2463844, 4.34, 45.622
1680919682.4467993, 4.34, 45.084
1680919682.6471887, 4.34, 45.084
1680919682.8475187, 4.34, 45.084
1680919683.047894, 4.336, 45.084
1680919683.24825, 4.336, 45.084
1680919683.448607, 4.336, 45.084
1680919683.6490424, 4.336, 45.084
1680919683.8494058, 4.336, 45.622
1680919684.0497541, 4.325, 45.084
1680919684.2501452, 4.325, 45.622
1680919684.4505334, 4.325, 45.084
1680919684.6507914, 4.325, 45.622
1680919684.8511422, 4.325, 45.084
1680919685.0514932, 4.325, 46.16
1680919685.251836, 4.325, 45.084
1680919685.4522185, 4.325, 45.622
1680919685.6525986, 4.325, 45.622
1680919685.852978, 4.34, 45.084
1680919686.0533519, 4.34, 45.622
1680919686.2537122, 4.34, 45.622
1680919686.4540794, 4.34, 45.084
1680919686.6544666, 4.34, 45.084
1680919686.8547597, 4.34, 45.084
1680919687.0551245, 4.34, 45.084
1680919687.2554624, 4.34, 45.084
1680919687.4558752, 4.34, 45.622
1680919687.6562352, 4.34, 45.084
1680919687.8566132, 4.34, 45.622
1680919688.0569735, 4.344, 45.084
1680919688.2573347, 4.344, 45.084
1680919688.4577012, 4.344, 45.084
1680919688.658075, 4.344, 45.622
1680919688.858433, 4.34, 45.622
1680919689.0587983, 4.34, 45.622
1680919689.2591496, 4.34, 45.622
1680919689.4595282, 4.34, 45.084
1680919689.6599185, 4.34, 45.622
1680919689.8603215, 4.328, 45.622
1680919690.0607014, 4.328, 45.622
1680919690.2610493, 4.328, 45.084
1680919690.461423, 4.328, 45.084
1680919690.6618333, 4.328, 45.084
1680919690.862231, 4.328, 45.622
1680919691.0626009, 4.34, 45.084
1680919691.26297, 4.34, 45.622
1680919691.4633453, 4.34, 45.084
1680919691.6636674, 4.34, 45.622
1680919691.8640308, 4.34, 45.622
1680919692.0643878, 4.336, 45.084
1680919692.2647154, 4.336, 45.622
1680919692.4651024, 4.336, 45.622
1680919692.6654754, 4.336, 45.622
1680919692.865878, 4.317, 45.084
1680919693.0663471, 4.317, 46.16
1680919693.2667859, 4.317, 45.622
1680919693.4671655, 4.317, 45.622
1680919693.6675978, 4.317, 45.084
1680919693.8679726, 4.344, 45.622
1680919694.0683541, 4.344, 45.084
1680919694.2687435, 4.344, 45.622
1680919694.4690764, 4.344, 45.622
1680919694.6694403, 4.344, 45.622
1680919694.8697932, 4.344, 45.622
1680919695.0701828, 4.344, 45.622
1680919695.2705421, 4.344, 45.084
1680919695.4707587, 4.344, 45.622
1680919695.6710913, 4.344, 45.084
1680919695.8714268, 4.344, 45.084
1680919696.0717676, 4.347, 45.084
1680919696.2723253, 4.347, 45.084
1680919696.4726737, 4.347, 45.622
1680919696.6730628, 4.347, 45.622
1680919696.8734667, 4.34, 45.084
1680919697.073875, 4.34, 45.622
1680919697.274243, 4.34, 45.084
1680919697.4745944, 4.34, 45.084
1680919697.6749523, 4.34, 45.622
1680919697.875298, 4.328, 45.622
1680919698.0756643, 4.328, 45.084
1680919698.2760618, 4.328, 45.084
1680919698.4764378, 4.328, 45.084
1680919698.6767797, 4.328, 45.084
1680919698.8771625, 4.332, 46.16
1680919699.0776954, 4.332, 45.622
1680919699.2781272, 4.332, 45.622
1680919699.478504, 4.332, 45.622
1680919699.6789598, 4.332, 45.084
1680919699.879317, 4.328, 45.084
1680919700.079649, 4.328, 45.622
1680919700.2799895, 4.328, 45.622
1680919700.4803605, 4.328, 45.622
1680919700.6807024, 4.328, 45.084
1680919700.8810813, 4.34, 45.084
1680919701.0814254, 4.34, 45.622
1680919701.28193, 4.34, 45.622
1680919701.4822872, 4.34, 45.622
1680919701.6826875, 4.34, 45.622
1680919701.8830228, 4.328, 45.084
1680919702.0834699, 4.328, 45.622
1680919702.2838156, 4.328, 45.084
1680919702.4841723, 4.328, 45.622
1680919702.6845722, 4.328, 45.084
1680919702.8849137, 4.321, 45.084
1680919703.0852666, 4.321, 45.622
1680919703.2856212, 4.321, 45.084
1680919703.485953, 4.321, 45.084
1680919703.6863463, 4.321, 45.084
1680919703.8868, 4.321, 45.622
1680919704.0871255, 4.286, 45.084
1680919704.2874727, 4.286, 46.16
1680919704.4878464, 4.286, 45.084
1680919704.6881819, 4.286, 45.622
1680919704.8885372, 4.321, 45.084
1680919705.088892, 4.321, 45.622
1680919705.2892492, 4.321, 45.622
1680919705.4896126, 4.321, 45.084
1680919705.6899874, 4.321, 45.622
1680919705.8904023, 4.317, 45.622
1680919706.0907488, 4.317, 45.084
1680919706.2910857, 4.317, 45.084
1680919706.4914079, 4.317, 45.084
1680919706.691758, 4.317, 45.622
1680919706.8922024, 4.366, 45.084
1680919707.09261, 4.366, 45.084
1680919707.2929423, 4.366, 45.084
1680919707.493301, 4.366, 45.084
1680919707.693669, 4.366, 45.622
1680919707.894037, 4.328, 45.622
1680919708.094445, 4.328, 45.084
1680919708.2947779, 4.328, 45.084
1680919708.4951112, 4.328, 45.084
1680919708.6956682, 4.328, 45.622
1680919708.8960452, 4.34, 46.16
1680919709.0964534, 4.34, 45.084
1680919709.296833, 4.34, 45.084
1680919709.4971662, 4.34, 45.084
1680919709.6975095, 4.34, 45.622
1680919709.8978639, 4.336, 45.084
1680919710.0982559, 4.336, 45.622
1680919710.2986846, 4.336, 45.622
1680919710.4990177, 4.336, 45.084
1680919710.6994717, 4.336, 45.622
1680919710.8998177, 4.336, 45.622
1680919711.1001654, 4.336, 45.084
1680919711.3005214, 4.336, 45.084
1680919711.5008705, 4.336, 45.084
1680919711.7012281, 4.336, 45.622
1680919711.9015944, 4.336, 46.16
1680919712.1020596, 4.336, 45.622
1680919712.3024378, 4.336, 45.084
1680919712.5028238, 4.336, 45.622
1680919712.7031765, 4.336, 45.622
1680919712.903706, 4.344, 45.622
1680919713.1040428, 4.344, 45.622
1680919713.304369, 4.344, 45.084
1680919713.5047557, 4.344, 45.622
1680919713.7052033, 4.344, 45.622
1680919713.905589, 4.305, 45.622
1680919714.1059394, 4.305, 45.084
1680919714.306311, 4.305, 45.084
1680919714.506726, 4.305, 45.084
1680919714.7070677, 4.305, 45.084
1680919714.907432, 4.321, 45.622
1680919715.1078281, 4.321, 45.622
1680919715.3081818, 4.321, 45.622
1680919715.5086026, 4.321, 45.084
1680919715.7089324, 4.321, 45.084
1680919715.9092906, 4.313, 45.084
1680919716.1096537, 4.313, 45.084
1680919716.3102036, 4.313, 45.622
1680919716.5105627, 4.313, 45.084
1680919716.7107441, 4.313, 45.622
1680919716.9110923, 4.317, 45.084
1680919717.111435, 4.317, 45.084
1680919717.3118138, 4.317, 45.084
1680919717.512198, 4.317, 45.084
1680919717.712525, 4.317, 45.084
1680919717.9128945, 4.317, 45.084
1680919718.113231, 4.317, 45.084
1680919718.3136342, 4.317, 45.622
1680919718.5142095, 4.317, 45.622
1680919718.7145975, 4.317, 45.622
1680919718.914949, 4.317, 45.622
1680919719.1152923, 4.317, 45.084
1680919719.3156333, 4.317, 45.622
1680919719.516122, 4.317, 45.622
1680919719.7164614, 4.317, 45.084
1680919719.916862, 4.313, 45.084
1680919720.1172502, 4.313, 45.084
1680919720.3176093, 4.313, 45.084
1680919720.5179713, 4.313, 45.084
1680919720.7183201, 4.313, 46.16
1680919720.9187226, 4.332, 45.084
1680919721.1190686, 4.332, 46.16
1680919721.3194542, 4.332, 46.16
1680919721.5197926, 4.332, 45.622
1680919721.720202, 4.332, 45.622
1680919721.9205682, 4.363, 45.084
1680919722.1209276, 4.363, 46.16
1680919722.3213923, 4.363, 45.622
1680919722.5217497, 4.363, 45.622
1680919722.722124, 4.363, 45.622
1680919722.9224553, 4.321, 45.084
1680919723.1227632, 4.321, 45.084
1680919723.3230119, 4.321, 45.622
1680919723.523342, 4.321, 45.084
1680919723.723727, 4.321, 45.084
1680919723.9240756, 4.347, 45.622
1680919724.1244445, 4.347, 46.16
1680919724.3247936, 4.347, 45.084
1680919724.5251417, 4.347, 45.084
1680919724.7256126, 4.347, 45.084
1680919724.9259865, 4.344, 45.622
1680919725.1263485, 4.344, 45.622
1680919725.3268714, 4.344, 45.622
1680919725.5272036, 4.344, 45.622
1680919725.7275681, 4.344, 45.084
1680919725.9279861, 4.321, 45.084
1680919726.1283445, 4.321, 45.622
1680919726.3287268, 4.321, 46.16
1680919726.5291214, 4.321, 45.084
1680919726.7294736, 4.321, 45.622
1680919726.9298475, 4.34, 45.622
1680919727.1302583, 4.34, 45.622
1680919727.3306534, 4.34, 45.622
1680919727.5309935, 4.34, 45.622
1680919727.7313418, 4.34, 45.622
1680919727.931705, 4.325, 45.084
1680919728.1320572, 4.325, 45.084
1680919728.3324144, 4.325, 45.622
1680919728.532761, 4.325, 45.622
1680919728.7331095, 4.325, 45.084
1680919728.9334974, 4.336, 46.16
1680919729.1338313, 4.336, 45.084
1680919729.334187, 4.336, 46.16
1680919729.534556, 4.336, 45.622
1680919729.7348337, 4.336, 45.084
1680919729.9351707, 4.347, 45.084
1680919730.1355317, 4.347, 45.084
1680919730.3359046, 4.347, 45.622
1680919730.5362675, 4.347, 45.084
1680919730.736599, 4.347, 45.622
1680919730.9369822, 4.325, 45.084
1680919731.1373582, 4.325, 45.622
1680919731.3377032, 4.325, 45.084
1680919731.53807, 4.325, 45.622
1680919731.738416, 4.325, 45.084
1680919731.9387722, 4.332, 45.622
1680919732.1391315, 4.332, 45.622
1680919732.3394692, 4.332, 45.622
1680919732.5398471, 4.332, 45.084
1680919732.7402687, 4.332, 45.622
1680919732.940634, 4.317, 45.084
1680919733.1410058, 4.317, 45.084
1680919733.3413858, 4.317, 45.084
1680919733.5417514, 4.317, 45.084
1680919733.7421, 4.317, 45.084
1680919733.9424756, 4.317, 45.622
1680919734.1427202, 4.317, 46.16
1680919734.3431926, 4.317, 45.084
1680919734.543574, 4.317, 45.622
1680919734.7439315, 4.317, 45.622
1680919734.9443378, 4.309, 45.084
1680919735.1447227, 4.309, 45.622
1680919735.3450997, 4.309, 45.622
1680919735.5455015, 4.309, 45.084
1680919735.7458673, 4.309, 45.084
1680919735.9462323, 4.332, 45.622
1680919736.1465816, 4.332, 45.622
1680919736.3469467, 4.332, 45.084
1680919736.5473447, 4.332, 45.084
1680919736.7477002, 4.332, 45.622
1680919736.9480965, 4.336, 45.084
1680919737.148441, 4.336, 45.622
1680919737.348799, 4.336, 45.622
1680919737.549234, 4.336, 45.084
1680919737.749579, 4.336, 45.622
1680919737.9499369, 4.336, 45.084
1680919738.1503363, 4.336, 45.622
1680919738.350701, 4.336, 45.084
1680919738.551046, 4.336, 45.622
1680919738.7514045, 4.336, 45.084
1680919738.951752, 4.336, 45.084
1680919739.1522667, 4.336, 45.622
1680919739.3526134, 4.336, 45.622
1680919739.552988, 4.336, 45.084
1680919739.7533503, 4.336, 45.622
1680919739.9537542, 4.321, 45.622
1680919740.1541233, 4.321, 45.084
1680919740.3545227, 4.321, 45.084
1680919740.554749, 4.321, 45.084
1680919740.7551525, 4.321, 45.622
1680919740.95549, 4.332, 45.084
1680919741.155827, 4.332, 45.084
1680919741.35619, 4.332, 45.084
1680919741.5565343, 4.332, 45.084
1680919741.7569356, 4.332, 45.622
1680919741.9573386, 4.332, 46.16
1680919742.157685, 4.332, 45.622
1680919742.358037, 4.332, 46.16
1680919742.558429, 4.332, 45.084
1680919742.758759, 4.332, 45.084
1680919742.9590926, 4.325, 45.084
1680919743.1594412, 4.325, 45.622
1680919743.359789, 4.325, 45.622
1680919743.5601835, 4.325, 45.084
1680919743.7605648, 4.325, 45.622
1680919743.9609191, 4.317, 45.084
1680919744.16129, 4.317, 45.622
1680919744.3616428, 4.317, 45.084
1680919744.5619903, 4.317, 45.084
1680919744.7623417, 4.317, 45.622
1680919744.9628313, 4.34, 45.084
1680919745.1631649, 4.34, 45.622
1680919745.3635304, 4.34, 45.084
1680919745.5638618, 4.34, 45.622
1680919745.7642064, 4.34, 45.084
1680919745.9645624, 4.321, 45.084
1680919746.1649172, 4.321, 45.084
1680919746.3652718, 4.321, 45.084
1680919746.5656295, 4.321, 45.622
1680919746.7659943, 4.321, 45.622
1680919746.9665349, 4.332, 45.622
1680919747.1667511, 4.332, 45.084
1680919747.3671234, 4.332, 45.084
1680919747.567464, 4.332, 45.084
1680919747.7679014, 4.332, 45.084
1680919747.9682705, 4.34, 45.084
1680919748.1686273, 4.34, 45.084
1680919748.3690462, 4.34, 45.084
1680919748.5693855, 4.34, 45.084
1680919748.7697344, 4.34, 45.084
1680919748.9701033, 4.309, 45.084
1680919749.1704605, 4.309, 45.622
1680919749.370825, 4.309, 45.622
1680919749.5711572, 4.309, 45.622
1680919749.771517, 4.309, 45.084
1680919749.971862, 4.321, 45.084
1680919750.172207, 4.321, 45.084
1680919750.372614, 4.321, 45.084
1680919750.5729716, 4.321, 45.622
1680919750.7733562, 4.321, 45.084
1680919750.9737248, 4.321, 46.16
1680919751.1741037, 4.321, 45.622
1680919751.374438, 4.325, 45.084
1680919751.5748413, 4.325, 45.084
1680919751.775195, 4.325, 45.622
1680919751.9755552, 4.313, 45.084
1680919752.175887, 4.313, 45.622
1680919752.3762763, 4.313, 45.084
1680919752.5766582, 4.313, 45.084
1680919752.7770138, 4.313, 46.16
1680919752.9773507, 4.332, 45.084
1680919753.1777318, 4.332, 45.622
1680919753.378079, 4.332, 45.622
1680919753.578415, 4.332, 45.622
1680919753.7788076, 4.332, 45.084
1680919753.979135, 4.34, 45.084
1680919754.179511, 4.34, 45.084
1680919754.379911, 4.34, 45.622
1680919754.5802526, 4.34, 45.084
1680919754.7806041, 4.34, 45.084
1680919754.9809644, 4.34, 45.622
1680919755.1813128, 4.34, 45.084
1680919755.3816683, 4.34, 45.622
1680919755.5820553, 4.34, 45.084
1680919755.7824073, 4.34, 45.084
1680919755.9828026, 4.328, 45.622
1680919756.183161, 4.328, 45.622
1680919756.383492, 4.328, 45.084
1680919756.5838628, 4.328, 45.622
1680919756.7842145, 4.328, 45.084
1680919756.984614, 4.34, 45.622
1680919757.1849594, 4.34, 45.084
1680919757.3853931, 4.34, 45.084
1680919757.5857465, 4.34, 46.16
1680919757.7861035, 4.34, 45.084
1680919757.98646, 4.317, 45.622
1680919758.1869724, 4.317, 45.084
1680919758.387337, 4.317, 45.622
1680919758.5876586, 4.317, 45.622
1680919758.7880042, 4.317, 45.084
1680919758.9883604, 4.332, 45.084
1680919759.1887171, 4.332, 45.084
1680919759.389101, 4.332, 45.622
1680919759.5894392, 4.332, 45.622
1680919759.7898014, 4.332, 45.622
1680919759.9901786, 4.317, 45.084
1680919760.1905258, 4.317, 45.084
1680919760.3907573, 4.317, 45.084
1680919760.59109, 4.317, 45.622
1680919760.7914536, 4.317, 45.622
1680919760.9919837, 4.321, 45.084
1680919761.192341, 4.321, 45.622
1680919761.3926928, 4.321, 45.622
1680919761.5930965, 4.321, 45.622
1680919761.7934475, 4.321, 45.084
1680919761.9938207, 4.336, 45.084
1680919762.1942306, 4.336, 45.084
1680919762.3946996, 4.336, 45.622
1680919762.5950234, 4.336, 45.622
1680919762.7954037, 4.336, 45.084
1680919762.9958026, 4.309, 45.084
1680919763.1961393, 4.309, 45.622
1680919763.396494, 4.309, 45.084
1680919763.5968459, 4.309, 45.622
1680919763.7972004, 4.309, 45.622
1680919763.997569, 4.366, 45.084
1680919764.1979587, 4.366, 46.16
1680919764.3983493, 4.366, 45.084
1680919764.5987234, 4.366, 45.622
1680919764.7990494, 4.366, 45.084
1680919764.9993906, 4.336, 45.084
1680919765.1997778, 4.336, 45.622
1680919765.4001298, 4.336, 45.084
1680919765.6005387, 4.336, 45.622
1680919765.801016, 4.336, 45.084
1680919766.0013635, 4.325, 45.084
1680919766.2017725, 4.325, 45.622
1680919766.40213, 4.325, 45.084
1680919766.6025002, 4.325, 45.622
1680919766.8028197, 4.325, 45.084
1680919767.0032012, 4.325, 46.16
1680919767.203656, 4.332, 45.084
1680919767.4040053, 4.332, 45.622
1680919767.6043384, 4.332, 45.622
1680919767.804678, 4.332, 45.622
1680919768.005074, 4.328, 45.084
1680919768.2055647, 4.328, 45.084
1680919768.4059684, 4.328, 45.084
1680919768.6063354, 4.328, 45.622
1680919768.8067577, 4.328, 45.622
1680919769.0070882, 4.313, 45.622
1680919769.2074502, 4.313, 45.084
1680919769.407805, 4.313, 45.622
1680919769.6081429, 4.313, 45.084
1680919769.8084948, 4.313, 45.622
1680919770.0088606, 4.328, 45.084
1680919770.2093163, 4.328, 45.084
1680919770.4096832, 4.328, 45.622
1680919770.610044, 4.328, 46.16
1680919770.8104208, 4.328, 45.622
1680919771.0108483, 4.336, 45.084
1680919771.2112036, 4.336, 45.084
1680919771.4115422, 4.336, 45.084
1680919771.6119003, 4.336, 45.084
1680919771.8123105, 4.336, 45.084
1680919772.0127184, 4.336, 45.622
1680919772.2130964, 4.336, 45.622
1680919772.4134655, 4.336, 45.622
1680919772.613841, 4.336, 45.622
1680919772.814229, 4.336, 45.622
1680919773.01458, 4.305, 45.084
1680919773.2149134, 4.305, 45.084
1680919773.4152713, 4.305, 45.622
1680919773.6156645, 4.305, 45.622
1680919773.8160071, 4.305, 45.084
1680919774.0164268, 4.34, 45.084
1680919774.2168007, 4.34, 45.622
1680919774.417143, 4.34, 45.084
1680919774.6174963, 4.34, 45.622
1680919774.8178453, 4.34, 45.084
1680919775.0182145, 4.317, 45.084
1680919775.21859, 4.317, 45.622
1680919775.418977, 4.317, 45.084
1680919775.619326, 4.317, 45.622
1680919775.8196816, 4.317, 45.622
1680919776.0200438, 4.332, 45.084
1680919776.2204113, 4.332, 45.622
1680919776.4207919, 4.332, 45.622
1680919776.62114, 4.332, 45.084
1680919776.8214765, 4.332, 45.622
1680919777.0219114, 4.336, 45.622
1680919777.2223065, 4.336, 45.622
1680919777.4227622, 4.336, 45.622
1680919777.6231956, 4.336, 45.084
1680919777.8236313, 4.336, 45.622
1680919778.0240176, 4.325, 45.622
1680919778.2243824, 4.325, 45.084
1680919778.4247975, 4.325, 45.084
1680919778.6251376, 4.325, 45.084
1680919778.825491, 4.325, 45.622
1680919779.025838, 4.325, 45.622
1680919779.2261982, 4.325, 45.084
1680919779.4265616, 4.325, 45.084
1680919779.6268978, 4.325, 46.16
1680919779.8272684, 4.325, 45.622
1680919780.0275943, 4.325, 45.622
1680919780.2279716, 4.325, 45.084
1680919780.428357, 4.325, 45.622
1680919780.6287267, 4.325, 46.16
1680919780.8290737, 4.325, 45.622
1680919781.0294666, 4.317, 45.084
1680919781.2298758, 4.317, 46.16
1680919781.4302478, 4.317, 45.622
1680919781.6307406, 4.317, 45.622
1680919781.83109, 4.317, 46.16
1680919782.03145, 4.321, 45.084
1680919782.2317939, 4.321, 45.622
1680919782.4321265, 4.321, 45.084
1680919782.6324966, 4.321, 45.622
1680919782.8328564, 4.321, 45.622
1680919783.0332398, 4.34, 45.084
1680919783.233596, 4.34, 45.084
1680919783.4339614, 4.34, 45.084
1680919783.6345398, 4.34, 45.622
1680919783.834952, 4.34, 45.084
1680919784.0352948, 4.34, 45.622
1680919784.2356572, 4.34, 45.622
1680919784.4360304, 4.34, 45.084
1680919784.6363742, 4.34, 45.084
1680919784.8367343, 4.34, 45.622
1680919785.037059, 4.344, 45.622
1680919785.2374349, 4.344, 45.622
1680919785.4377902, 4.344, 45.084
1680919785.6381786, 4.344, 45.622
1680919785.838573, 4.344, 45.622
1680919786.038783, 4.328, 45.084
1680919786.2391214, 4.328, 45.084
1680919786.4394572, 4.328, 45.622
1680919786.6398168, 4.328, 45.622
1680919786.8401728, 4.328, 45.084
1680919787.0405192, 4.317, 45.084
1680919787.2409375, 4.317, 45.622
1680919787.4413037, 4.317, 45.622
1680919787.6416538, 4.317, 45.622
1680919787.8420181, 4.317, 45.084
1680919788.0423641, 4.332, 45.084
1680919788.2427437, 4.332, 45.622
1680919788.4430788, 4.332, 45.084
1680919788.6434422, 4.332, 45.084
1680919788.8439517, 4.332, 45.084
1680919789.0443418, 4.347, 45.084
1680919789.2447278, 4.347, 45.622
1680919789.4450614, 4.347, 45.622
1680919789.6454544, 4.347, 45.084
1680919789.8459237, 4.347, 45.084
1680919790.046284, 4.344, 45.084
1680919790.2466962, 4.344, 45.084
1680919790.447045, 4.344, 45.084
1680919790.6473818, 4.344, 45.622
1680919790.847733, 4.344, 45.084
1680919791.048089, 4.313, 45.084
1680919791.248514, 4.313, 45.622
1680919791.448873, 4.313, 45.084
1680919791.6494484, 4.313, 45.084
1680919791.8497894, 4.313, 45.622
1680919792.050145, 4.317, 45.084
1680919792.2505274, 4.317, 45.084
1680919792.4507902, 4.317, 45.622
1680919792.6511247, 4.317, 45.084
1680919792.8515804, 4.317, 45.084
1680919793.0519552, 4.34, 45.622
1680919793.2523239, 4.34, 45.084
1680919793.4527473, 4.34, 45.622
1680919793.653097, 4.34, 45.084
1680919793.8534362, 4.34, 45.084
1680919794.0538, 4.328, 46.16
1680919794.254164, 4.328, 45.622
1680919794.4547687, 4.328, 45.622
1680919794.6551018, 4.328, 45.084
1680919794.855455, 4.328, 45.622
1680919795.055812, 4.34, 45.622
1680919795.2561755, 4.34, 45.622
1680919795.4565277, 4.34, 45.622
1680919795.6568706, 4.34, 45.622
1680919795.8572834, 4.313, 45.622
1680919796.0576425, 4.313, 45.622
1680919796.2580473, 4.313, 45.084
1680919796.458403, 4.313, 45.622
1680919796.6588075, 4.313, 45.084
1680919796.8591454, 4.313, 46.16
1680919797.0595002, 4.328, 45.622
1680919797.2598388, 4.328, 45.622
1680919797.4601693, 4.328, 45.622
1680919797.6605344, 4.328, 45.084
1680919797.8608649, 4.351, 45.084
1680919798.061235, 4.351, 45.622
1680919798.2616138, 4.351, 45.084
1680919798.4619737, 4.351, 45.622
1680919798.662449, 4.351, 45.622
1680919798.8627594, 4.336, 45.622
1680919799.0631046, 4.336, 45.622
1680919799.2636743, 4.336, 45.622
1680919799.46401, 4.336, 45.622
1680919799.6643684, 4.336, 45.622
1680919799.8647676, 4.347, 45.622
1680919800.0651293, 4.347, 45.622
1680919800.2654815, 4.347, 45.084
1680919800.4658654, 4.347, 45.084
1680919800.6662493, 4.347, 45.084
1680919800.8667424, 4.347, 46.16
1680919801.067152, 4.347, 45.084
1680919801.2675033, 4.347, 45.084
1680919801.4678423, 4.347, 45.622
1680919801.6682458, 4.347, 45.622
1680919801.8685882, 4.347, 45.084
1680919802.0689673, 4.347, 45.622
1680919802.2693539, 4.347, 45.622
1680919802.469744, 4.325, 45.622
1680919802.6701028, 4.325, 45.084
1680919802.87053, 4.317, 45.622
1680919803.0708427, 4.317, 45.622
1680919803.271238, 4.317, 45.084
1680919803.4715703, 4.317, 45.622
1680919803.671952, 4.317, 45.084
1680919803.872332, 4.344, 45.084
1680919804.072675, 4.344, 45.084
1680919804.2730112, 4.344, 45.084
1680919804.4733496, 4.344, 45.622
1680919804.6737385, 4.344, 45.622
1680919804.8742661, 4.344, 45.622
1680919805.0747185, 4.344, 45.622
1680919805.2750793, 4.344, 45.622
1680919805.475472, 4.344, 45.084
1680919805.6758735, 4.344, 45.622
1680919805.8762705, 4.336, 45.084
1680919806.0766323, 4.336, 45.084
1680919806.2769785, 4.336, 45.084
1680919806.4774888, 4.336, 45.084
1680919806.677882, 4.336, 46.16
1680919806.8784916, 4.336, 45.622
1680919807.0787444, 4.347, 45.084
1680919807.279168, 4.347, 45.622
1680919807.479539, 4.347, 45.622
1680919807.6799073, 4.347, 45.084
1680919807.8803172, 4.332, 46.16
1680919808.0808809, 4.332, 45.622
1680919808.281277, 4.332, 45.622
1680919808.4816396, 4.332, 45.622
1680919808.681982, 4.332, 45.084
1680919808.8823218, 4.336, 45.622
1680919809.0828037, 4.336, 45.622
1680919809.2831495, 4.336, 45.622
1680919809.4835212, 4.336, 45.622
1680919809.6838965, 4.336, 45.084
1680919809.8842537, 4.336, 45.622
1680919810.084643, 4.328, 45.622
1680919810.2852213, 4.328, 45.622
1680919810.4856124, 4.328, 45.622
1680919810.685945, 4.328, 46.16
1680919810.886329, 4.328, 45.084
1680919811.0867593, 4.328, 45.084
1680919811.287125, 4.328, 45.622
1680919811.4874845, 4.328, 45.622
1680919811.6878512, 4.328, 45.084
1680919811.8883588, 4.34, 46.16
1680919812.0888014, 4.34, 45.622
1680919812.2891264, 4.34, 45.084
1680919812.4898367, 4.34, 45.622
1680919812.6901805, 4.34, 46.16
1680919812.8907928, 4.347, 45.084
1680919813.0911596, 4.347, 45.622
1680919813.2915087, 4.347, 45.084
1680919813.4918253, 4.347, 45.084
1680919813.6922922, 4.347, 46.16
1680919813.8927155, 4.374, 46.16
1680919814.093053, 4.374, 45.622
1680919814.2934012, 4.374, 45.084
1680919814.4937778, 4.374, 45.622
1680919814.6941636, 4.374, 45.622
1680919814.8945332, 4.347, 45.084
1680919815.0947554, 4.347, 45.084
1680919815.295121, 4.347, 45.084
1680919815.4954515, 4.347, 45.622
1680919815.6958785, 4.347, 45.084
1680919815.896209, 4.34, 45.084
1680919816.0965874, 4.34, 45.084
1680919816.2969494, 4.34, 45.084
1680919816.4972908, 4.34, 45.084
1680919816.6977053, 4.34, 45.622
1680919816.8980548, 4.332, 45.622
1680919817.098405, 4.332, 45.622
1680919817.2987993, 4.332, 45.622
1680919817.4991412, 4.332, 45.084
1680919817.6995013, 4.332, 45.084
1680919817.8998528, 4.317, 45.622
1680919818.1002474, 4.317, 45.084
1680919818.3005948, 4.317, 46.16
1680919818.5009723, 4.317, 45.084
1680919818.7013435, 4.317, 45.622
1680919818.901703, 4.347, 45.622
1680919819.10207, 4.347, 45.622
1680919819.3024518, 4.347, 45.084
1680919819.502764, 4.347, 45.084
1680919819.703124, 4.347, 45.622
1680919819.9035387, 4.336, 45.622
1680919820.1039143, 4.336, 45.622
1680919820.3042755, 4.336, 45.622
1680919820.5046718, 4.336, 45.622
1680919820.7050982, 4.336, 45.084
1680919820.9054692, 4.321, 45.084
1680919821.1058095, 4.321, 45.622
1680919821.3061578, 4.321, 45.622
1680919821.5067475, 4.321, 45.084
1680919821.7070842, 4.321, 45.622
1680919821.9074693, 4.347, 45.084
1680919822.1078413, 4.347, 45.622
1680919822.3081875, 4.347, 45.084
1680919822.5086036, 4.347, 45.622
1680919822.7090874, 4.347, 45.622
1680919822.9094286, 4.336, 45.622
1680919823.1097758, 4.336, 45.622
1680919823.3101306, 4.336, 46.16
1680919823.5104833, 4.336, 45.622
1680919823.7107844, 4.336, 45.622
1680919823.9111357, 4.336, 45.084
1680919824.111483, 4.336, 45.084
1680919824.31183, 4.336, 45.622
1680919824.5122366, 4.336, 45.084
1680919824.7125936, 4.336, 46.16
1680919824.912972, 4.351, 45.084
1680919825.1133204, 4.351, 45.622
1680919825.3137193, 4.351, 45.622
1680919825.5140915, 4.351, 45.084
1680919825.7144585, 4.351, 45.622
1680919825.9147487, 4.309, 46.16
1680919826.1151004, 4.309, 45.084
1680919826.3154387, 4.309, 45.622
1680919826.515857, 4.309, 45.084
1680919826.7162814, 4.309, 45.084
1680919826.9166121, 4.34, 45.622
1680919827.1169705, 4.34, 45.084
1680919827.3173604, 4.34, 45.622
1680919827.517813, 4.34, 45.622
1680919827.718187, 4.34, 45.084
1680919827.9185667, 4.332, 45.084
1680919828.118752, 4.332, 45.622
1680919828.3191097, 4.332, 45.622
1680919828.5194917, 4.332, 45.084
1680919828.7198873, 4.332, 46.16
1680919828.9202766, 4.344, 45.084
1680919829.1206226, 4.344, 45.084
1680919829.321047, 4.344, 45.084
1680919829.5213928, 4.344, 45.622
1680919829.7217586, 4.344, 45.084
1680919829.9221292, 4.344, 45.622
1680919830.122498, 4.344, 45.622
1680919830.3229368, 4.344, 45.622
1680919830.523562, 4.344, 45.622
1680919830.7239394, 4.344, 45.084
1680919830.9242952, 4.344, 46.16
1680919831.1248357, 4.344, 45.622
1680919831.3251967, 4.496, 45.084
1680919831.5255451, 4.496, 45.084
1680919831.7261708, 4.496, 45.622
1680919831.9265907, 4.332, 45.622
1680919832.1269357, 4.332, 45.084
1680919832.3273022, 4.332, 46.16
1680919832.527655, 4.332, 45.622
1680919832.7280188, 4.332, 45.622
1680919832.9284148, 4.328, 45.622
1680919833.128757, 4.328, 45.084
1680919833.329108, 4.328, 45.084
1680919833.5294778, 4.328, 45.084
1680919833.729842, 4.328, 45.622
1680919833.9302182, 4.321, 45.622
1680919834.1305995, 4.321, 45.084
1680919834.3309395, 4.321, 45.622
1680919834.531279, 4.321, 45.622
1680919834.7316282, 4.321, 45.622
1680919834.9319608, 4.34, 46.16
1680919835.1323502, 4.34, 45.084
1680919835.3327868, 4.34, 45.084
1680919835.5331635, 4.34, 45.622
1680919835.7335231, 4.34, 45.622
1680919835.933907, 4.347, 45.622
1680919836.1342866, 4.347, 45.084
1680919836.334736, 4.347, 45.622
1680919836.535116, 4.347, 46.16
1680919836.7354457, 4.347, 45.622
1680919836.9357934, 4.34, 45.622
1680919837.1361892, 4.34, 45.622
1680919837.3365376, 4.34, 45.084
1680919837.53687, 4.34, 45.622
1680919837.737225, 4.34, 45.084
1680919837.9376426, 4.351, 45.084
1680919838.1380777, 4.351, 45.622
1680919838.3384593, 4.351, 45.622
1680919838.5388405, 4.351, 45.622
1680919838.7391832, 4.351, 45.084
1680919838.9395578, 4.34, 45.084
1680919839.1399176, 4.34, 45.084
1680919839.340251, 4.34, 45.622
1680919839.540584, 4.34, 45.622
1680919839.7409492, 4.34, 45.622
1680919839.9413147, 4.344, 45.084
1680919840.141702, 4.344, 45.622
1680919840.342078, 4.344, 45.084
1680919840.5424516, 4.344, 45.084
1680919840.742801, 4.344, 45.622
1680919840.9431655, 4.313, 45.622
1680919841.1435337, 4.313, 46.16
1680919841.3439429, 4.313, 45.622
1680919841.5443187, 4.313, 46.16
1680919841.7447097, 4.313, 45.622
1680919841.945079, 4.34, 46.16
1680919842.1454523, 4.34, 45.622
1680919842.3458025, 4.34, 45.084
1680919842.546156, 4.34, 45.622
1680919842.7465372, 4.34, 45.622
1680919842.946783, 4.366, 45.084
1680919843.1471179, 4.366, 45.622
1680919843.3474894, 4.366, 45.622
1680919843.5478787, 4.366, 45.622
1680919843.7482114, 4.366, 46.16
1680919843.9485672, 4.336, 45.622
1680919844.1489046, 4.336, 45.622
1680919844.3492444, 4.336, 45.084
1680919844.5496306, 4.336, 46.16
1680919844.74999, 4.336, 45.084
1680919844.9503746, 4.313, 46.16
1680919845.1507647, 4.313, 45.084
1680919845.3511274, 4.313, 45.084
1680919845.5514946, 4.313, 45.622
1680919845.7518182, 4.313, 45.622
1680919845.9522161, 4.325, 45.084
1680919846.152659, 4.325, 45.084
1680919846.3529968, 4.325, 45.084
1680919846.5533504, 4.325, 45.622
1680919846.7537224, 4.325, 45.084
1680919846.9540892, 4.328, 45.622
1680919847.154503, 4.328, 45.084
1680919847.3547392, 4.328, 45.084
1680919847.5550842, 4.328, 46.16
1680919847.7554405, 4.328, 45.622
1680919847.9557707, 4.328, 45.622
1680919848.1561656, 4.328, 45.622
1680919848.3565507, 4.328, 45.084
1680919848.556904, 4.328, 45.622
1680919848.757252, 4.328, 45.622
1680919848.9576197, 4.317, 45.084
1680919849.157978, 4.317, 45.084
1680919849.358356, 4.317, 45.084
1680919849.558739, 4.317, 45.084
1680919849.7591016, 4.317, 45.622
1680919849.959432, 4.393, 45.084
1680919850.1598108, 4.393, 46.16
1680919850.3601725, 4.393, 46.16
1680919850.5605533, 4.393, 45.084
1680919850.7609243, 4.393, 45.622
1680919850.9612858, 4.393, 45.084
1680919851.1616335, 4.328, 45.084
1680919851.3619995, 4.328, 45.622
1680919851.5623567, 4.328, 45.084
1680919851.762808, 4.328, 45.622
1680919851.9631429, 4.328, 45.622
1680919852.1634922, 4.328, 45.084
1680919852.3638346, 4.328, 45.622
1680919852.5641694, 4.328, 45.622
1680919852.7645574, 4.328, 45.084
1680919852.9649022, 4.328, 45.084
1680919853.1652515, 4.328, 45.622
1680919853.3656256, 4.328, 45.084
1680919853.5660021, 4.328, 45.622
1680919853.7663848, 4.328, 45.084
1680919853.9667878, 4.34, 45.622
1680919854.1671534, 4.34, 45.084
1680919854.3675191, 4.34, 45.622
1680919854.567848, 4.34, 45.622
1680919854.7681966, 4.34, 45.084
1680919854.9685729, 4.332, 45.084
1680919855.1689224, 4.332, 45.622
1680919855.369262, 4.332, 45.622
1680919855.5696878, 4.332, 45.622
1680919855.7700372, 4.332, 45.622
1680919855.970386, 4.336, 45.622
1680919856.17079, 4.336, 45.622
1680919856.3711553, 4.336, 45.084
1680919856.5714943, 4.336, 45.622
1680919856.7720044, 4.336, 45.084
1680919856.9723318, 4.336, 46.16
1680919857.1727073, 4.328, 45.622
1680919857.3730621, 4.328, 45.622
1680919857.5734298, 4.328, 45.622
1680919857.7738104, 4.328, 45.622
1680919857.9741995, 4.332, 45.622
1680919858.1745758, 4.332, 45.084
1680919858.374797, 4.332, 45.084
1680919858.575182, 4.332, 46.16
1680919858.7755163, 4.332, 45.622
1680919858.9758706, 4.309, 45.084
1680919859.1762154, 4.309, 45.622
1680919859.3766189, 4.309, 45.084
1680919859.5770097, 4.309, 45.622
1680919859.7773747, 4.309, 45.622
1680919859.9777312, 4.305, 45.622
1680919860.1781068, 4.305, 45.622
1680919860.3784685, 4.305, 45.622
1680919860.5787938, 4.305, 45.084
1680919860.7791772, 4.305, 45.084
1680919860.9795253, 4.321, 45.622
1680919861.1798651, 4.321, 45.622
1680919861.3802178, 4.321, 45.622
1680919861.5805767, 4.321, 45.622
1680919861.7809231, 4.321, 45.084
1680919861.9813006, 4.336, 45.622
1680919862.1816745, 4.336, 45.622
1680919862.381998, 4.336, 45.622
1680919862.5823538, 4.336, 45.622
1680919862.7827973, 4.336, 45.622
1680919862.9831405, 4.328, 45.622
1680919863.1834738, 4.328, 45.084
1680919863.383847, 4.328, 45.622
1680919863.5842793, 4.328, 45.084
1680919863.7846653, 4.328, 45.084
1680919863.9850411, 4.363, 45.622
1680919864.1854548, 4.363, 46.16
1680919864.3858027, 4.363, 45.622
1680919864.5861788, 4.363, 46.16
1680919864.7865598, 4.363, 46.16
1680919864.9867907, 4.332, 45.622
1680919865.1871204, 4.332, 45.622
1680919865.3875313, 4.332, 45.622
1680919865.5878828, 4.332, 45.084
1680919865.788282, 4.332, 45.622
1680919865.9886403, 4.328, 45.084
1680919866.1889858, 4.328, 45.622
1680919866.3893535, 4.328, 45.622
1680919866.5897057, 4.328, 45.622
1680919866.7900674, 4.328, 46.16
1680919866.9904523, 4.325, 45.622
1680919867.1907759, 4.325, 45.622
1680919867.3911362, 4.325, 46.16
1680919867.5914834, 4.325, 46.16
1680919867.791816, 4.325, 45.622
1680919867.9922085, 4.336, 46.16
1680919868.192546, 4.336, 45.622
1680919868.392895, 4.336, 45.084
1680919868.5937426, 4.336, 45.084
1680919868.7941148, 4.336, 45.622
1680919868.9945638, 4.34, 45.084
1680919869.1947994, 4.34, 46.16
1680919869.3951383, 4.34, 45.622
1680919869.5954823, 4.34, 45.622
1680919869.7958357, 4.34, 45.622
1680919869.9962232, 4.332, 45.622
1680919870.1965752, 4.332, 45.084
1680919870.3969154, 4.332, 45.622
1680919870.597309, 4.332, 45.084
1680919870.797649, 4.332, 45.084
1680919870.9980586, 4.351, 45.622
1680919871.1984365, 4.351, 45.622
1680919871.3987765, 4.351, 45.622
1680919871.5991323, 4.351, 46.16
1680919871.7994719, 4.351, 45.084
1680919871.9998639, 4.347, 45.622
1680919872.2002256, 4.347, 45.622
1680919872.4005928, 4.347, 45.622
1680919872.6010025, 4.347, 45.622
1680919872.8013647, 4.347, 45.084
1680919873.0017214, 4.332, 45.622
1680919873.2020712, 4.332, 45.622
1680919873.4024596, 4.332, 46.16
1680919873.6027737, 4.332, 45.084
1680919873.8031216, 4.332, 45.622
1680919874.0034635, 4.332, 45.084
1680919874.2038383, 4.332, 45.084
1680919874.4042392, 4.332, 45.084
1680919874.6046214, 4.332, 45.622
1680919874.8050096, 4.332, 45.622
1680919875.0054212, 4.317, 45.084
1680919875.205763, 4.317, 46.16
1680919875.406114, 4.317, 45.084
1680919875.606487, 4.317, 45.622
1680919875.8067493, 4.317, 45.084
1680919876.0070841, 4.309, 45.622
1680919876.2074313, 4.309, 45.622
1680919876.4077797, 4.309, 45.622
1680919876.608113, 4.309, 45.622
1680919876.808471, 4.309, 45.622
1680919877.0088608, 4.351, 45.084
1680919877.2092626, 4.351, 45.622
1680919877.4096248, 4.351, 45.622
1680919877.6099885, 4.351, 45.622
1680919877.8103442, 4.351, 45.622
1680919878.0108242, 4.336, 45.084
1680919878.2111754, 4.336, 45.622
1680919878.4115248, 4.336, 45.622
1680919878.6119156, 4.336, 45.084
1680919878.8122509, 4.336, 45.084
1680919879.0125968, 4.325, 45.622
1680919879.2130592, 4.325, 45.622
1680919879.4134326, 4.325, 45.084
1680919879.6138473, 4.325, 45.084
1680919879.8142352, 4.325, 45.084
1680919880.014607, 4.347, 45.622
1680919880.2149622, 4.347, 45.084
1680919880.4152944, 4.347, 45.622
1680919880.6156602, 4.347, 45.622
1680919880.8160875, 4.347, 45.084
1680919881.0164578, 4.34, 45.622
1680919881.21681, 4.34, 45.084
1680919881.4172173, 4.34, 45.084
1680919881.6175704, 4.34, 45.084
1680919881.8179533, 4.34, 45.084
1680919882.0182824, 4.34, 45.622
1680919882.2186835, 4.34, 45.084
1680919882.419019, 4.34, 45.622
1680919882.6193757, 4.34, 45.622
1680919882.8197107, 4.34, 45.622
1680919883.0202663, 4.332, 45.084
1680919883.220602, 4.332, 45.622
1680919883.4210336, 4.332, 45.084
1680919883.6214068, 4.332, 45.622
1680919883.8217733, 4.332, 45.084
1680919884.0221558, 4.317, 45.622
1680919884.2226028, 4.317, 45.622
1680919884.4229357, 4.317, 45.622
1680919884.6232622, 4.317, 45.084
1680919884.8236237, 4.317, 45.622
1680919885.0239632, 4.317, 45.084
1680919885.224326, 4.317, 45.622
1680919885.4246953, 4.317, 45.084
1680919885.625074, 4.317, 45.084
1680919885.8254519, 4.317, 45.084
1680919886.0258646, 4.317, 45.084
1680919886.2262497, 4.317, 45.622
1680919886.4266028, 4.317, 45.084
1680919886.6269412, 4.317, 45.622
1680919886.8273165, 4.317, 45.084
1680919887.0276544, 4.328, 45.622
1680919887.2279954, 4.328, 46.16
1680919887.4283838, 4.328, 45.622
1680919887.6287167, 4.328, 45.084
1680919887.8291388, 4.328, 45.622
1680919888.0295348, 4.332, 45.084
1680919888.229972, 4.332, 46.16
1680919888.4303384, 4.332, 45.084
1680919888.63077, 4.332, 45.622
1680919888.8310964, 4.332, 46.16
1680919889.0314474, 4.313, 45.622
1680919889.231792, 4.313, 45.622
1680919889.4322426, 4.313, 45.084
1680919889.6325831, 4.313, 45.622
1680919889.8329537, 4.313, 45.622
1680919890.0332956, 4.325, 46.16
1680919890.23372, 4.325, 45.084
1680919890.4340694, 4.325, 45.084
1680919890.6344712, 4.325, 45.084
1680919890.8347707, 4.325, 45.084
1680919891.0351183, 4.328, 45.622
1680919891.2354636, 4.328, 45.084
1680919891.4358275, 4.328, 45.084
1680919891.6362216, 4.328, 45.084
1680919891.8365765, 4.328, 45.622
1680919892.0369258, 4.344, 45.622
1680919892.2372806, 4.344, 45.084
1680919892.4376583, 4.344, 45.622
1680919892.638012, 4.344, 45.622
1680919892.8384063, 4.344, 45.622
1680919893.0387735, 4.344, 45.084
1680919893.239132, 4.347, 45.622
1680919893.439487, 4.347, 45.084
1680919893.639865, 4.347, 45.622
1680919893.8402438, 4.347, 46.16
1680919894.0406466, 4.332, 45.622
1680919894.2410161, 4.332, 46.16
1680919894.4414217, 4.332, 45.084
1680919894.6417854, 4.332, 45.084
1680919894.842282, 4.332, 45.622
1680919895.0427291, 4.317, 45.084
1680919895.243064, 4.317, 45.084
1680919895.443431, 4.317, 45.622
1680919895.6439397, 4.317, 45.622
1680919895.8443203, 4.317, 45.622
1680919896.0446708, 4.328, 45.084
1680919896.2450953, 4.328, 45.622
1680919896.4454825, 4.328, 45.622
1680919896.6459658, 4.328, 45.622
1680919896.8463366, 4.328, 45.622
1680919897.046801, 4.325, 46.16
1680919897.2471368, 4.325, 45.622
1680919897.4475527, 4.325, 45.622
1680919897.647891, 4.325, 45.622
1680919897.8482456, 4.325, 45.084
1680919898.0486665, 4.45, 45.084
1680919898.249039, 4.45, 46.16
1680919898.4493957, 4.45, 45.084
1680919898.6497538, 4.45, 45.084
1680919898.8501105, 4.45, 45.622
1680919899.0504777, 4.351, 45.622
1680919899.250766, 4.351, 45.084
1680919899.4511216, 4.351, 45.084
1680919899.6515205, 4.351, 45.084
1680919899.8518918, 4.351, 45.622
1680919900.0522716, 4.302, 46.16
1680919900.2526395, 4.302, 45.084
1680919900.4530485, 4.302, 45.084
1680919900.6534224, 4.302, 45.084
1680919900.8537934, 4.317, 45.622
1680919901.054256, 4.317, 46.16
1680919901.2547078, 4.317, 46.16
1680919901.4552279, 4.317, 45.622
1680919901.6555588, 4.317, 45.622
1680919901.8559287, 4.344, 45.622
1680919902.0562947, 4.344, 45.084
1680919902.2566657, 4.344, 45.622
1680919902.4570887, 4.344, 46.16
1680919902.6575062, 4.344, 45.622
1680919902.8578608, 4.325, 45.084
1680919903.0582495, 4.325, 46.16
1680919903.258609, 4.325, 45.622
1680919903.4589562, 4.325, 45.084
1680919903.6593719, 4.325, 45.622
1680919903.8597324, 4.317, 45.084
1680919904.0600953, 4.317, 46.16
1680919904.2604582, 4.317, 46.16
1680919904.4608335, 4.317, 45.622
1680919904.6611848, 4.317, 45.622
1680919904.8615315, 4.317, 46.16
1680919905.0618727, 4.332, 46.16
1680919905.2622292, 4.332, 45.084
1680919905.4625764, 4.332, 45.084
1680919905.6629574, 4.332, 45.084
1680919905.863295, 4.332, 45.622
1680919906.063649, 4.336, 45.622
1680919906.2639947, 4.336, 45.084
1680919906.4643688, 4.336, 46.16
1680919906.6647327, 4.336, 46.16
1680919906.865242, 4.336, 45.084
1680919907.0656435, 4.359, 46.16
1680919907.2660291, 4.359, 45.622
1680919907.4664333, 4.359, 45.084
1680919907.6667643, 4.359, 45.622
1680919907.867124, 4.328, 45.622
1680919908.0674574, 4.328, 45.084
1680919908.2677956, 4.328, 45.622
